vulnerabilityFunctionID,vulnerabilitySetID,assetCategory,lossCategory,defaultLoss,Region,Age,AS4055 class.,Roof material,Wall material,Alpha,Beta,IMT,IML,17,20,22,24,26,28,30,32,34,36,38,40,42,44,46,48,50,52,54,56,58,60,62,64,66,68,70,72,74,76,78,80,82,84,86,88,90,100
dw1,domestic_wind_2025,,structural_loss_ratio,0,"Qld, WA, NT Regions C&D",1980 to present,C1,Sheet metal,Brick veneer,0.1258,4.2271,0.2s gust at 10m height m/s,17,0,5.61028E-05,0.000119676,0.000238983,0.000451491,0.000813598,0.001407546,0.002349965,0.00380222,0.005982567,0.009180008,0.01376939,0.020226871,0.029144114,0.041238619,0.05735623,0.078460253,0.10559985,0.13984902,0.182207241,0.233455211,0.293965791,0.363483019,0.440901669,0.524104006,0.60993153,0.694373629,0.773024088,0.841778089,0.897626918,0.93930181,0.967498609,0.98454129,0.99359009,0.997731405,0.999330795,0.999839797,0.999999998
dw2,domestic_wind_2026,,structural_loss_ratio,0,"Qld, WA, NT Regions C&D",1980 to present,C1,Sheet metal,Reinf'd masonry,0.1235,4.2879,0.2s gust at 10m height m/s,20,0,2.85769E-05,6.18261E-05,0.000125066,0.000239105,0.000435662,0.000761547,0.001283915,0.002096762,0.003328755,0.005152461,0.007794952,0.011549542,0.016788186,0.023973615,0.033669705,0.046547745,0.06338521,0.085052449,0.11248145,0.146610002,0.188294742,0.238188709,0.296584419,0.363233223,0.437166197,0.516559459,0.598702351,0.680131094,0.756970961,0.825477485,0.882685594,0.926991881,0.95845927,0.978693891,0.990305815,0.996156991,0.999997856
dw3,domestic_wind_2027,,structural_loss_ratio,0,"Qld, WA, NT Regions C&D",1980 to present,C1,Sheet metal,Cavity brick,N/A,N/A,0.2s gust at 10m height m/s,22,,,,,,,,,,,,,,,,,,,,,,,,,,,,,,,,,,,,,,
dw4,domestic_wind_2028,,structural_loss_ratio,0,"Qld, WA, NT Regions C&D",1980 to present,C1,Sheet metal,Timber or metal clad,0.1309,4.254,0.2s gust at 10m height m/s,24,0,6.68895E-05,0.000138535,0.000269285,0.000496279,0.000874009,0.001480083,0.002422168,0.003846201,0.005945823,0.008972893,0.013248723,0.019175353,0.027245729,0.038051035,0.052282616,0.070724956,0.094235166,0.123703587,0.159989858,0.203829754,0.255711222,0.315724148,0.383398226,0.457556415,0.53622547,0.616654579,0.695490067,0.769129498,0.834228174,0.888263138,0.930000234,0.959697181,0.978940985,0.990153681,0.995944944,0.998554623,0.999999555
dw5,domestic_wind_2029,,structural_loss_ratio,0,"Qld, WA, NT Regions C&D",1980 to present,C1,Sheet metal,Fibre cement,N/A,N/A,0.2s gust at 10m height m/s,26,,,,,,,,,,,,,,,,,,,,,,,,,,,,,,,,,,,,,,
dw6,domestic_wind_2030,,structural_loss_ratio,0,"Qld, WA, NT Regions C&D",1980 to present,C1,Sheet metal,Solid masonry,N/A,N/A,0.2s gust at 10m height m/s,28,,,,,,,,,,,,,,,,,,,,,,,,,,,,,,,,,,,,,,
dw7,domestic_wind_2031,,structural_loss_ratio,0,"Qld, WA, NT Regions C&D",1980 to present,C1,Tile,Brick veneer,0.1086,4.2112,0.2s gust at 10m height m/s,30,0,1.37818E-05,3.31475E-05,7.38589E-05,0.00015434,0.000305356,0.000576304,0.001043857,0.001823523,0.003084714,0.005069892,0.008118139,0.012693097,0.019414363,0.029089922,0.042744752,0.061636985,0.087247841,0.121225234,0.16525496,0.220831194,0.288906148,0.369426519,0.460821133,0.559590008,0.66023472,0.755797757,0.839146649,0.904786756,0.950520434,0.978039501,0.991941582,0.997646459,0.99947669,0.999915878,0.999990792,0.99999936,1
dw8,domestic_wind_2032,,structural_loss_ratio,0,"Qld, WA, NT Regions C&D",1980 to present,C1,Tile,Reinf'd masonry,0.1077,4.2191,0.2s gust at 10m height m/s,32,0,1.16636E-05,2.82594E-05,6.33904E-05,0.000133283,0.000265206,0.000503202,0.000916011,0.00160774,0.002731867,0.004509159,0.007249949,0.011380849,0.017475299,0.026286038,0.038775436,0.056136265,0.079790707,0.111349287,0.152505052,0.204834534,0.269481358,0.346719671,0.435442805,0.532701884,0.633513186,0.731207772,0.81851861,0.889305988,0.940357807,0.972357334,0.989319571,0.99668421,0.999207749,0.99986145,0.99998327,0.999998696,1
dw9,domestic_wind_2033,,structural_loss_ratio,0,"Qld, WA, NT Regions C&D",1980 to present,C1,Tile,Cavity brick,N/A,N/A,0.2s gust at 10m height m/s,34,,,,,,,,,,,,,,,,,,,,,,,,,,,,,,,,,,,,,,
dw10,domestic_wind_2034,,structural_loss_ratio,0,"Qld, WA, NT Regions C&D",1980 to present,C1,Tile,Timber or metal clad,0.1086,4.2112,0.2s gust at 10m height m/s,36,0,1.37818E-05,3.31475E-05,7.38589E-05,0.00015434,0.000305356,0.000576304,0.001043857,0.001823523,0.003084714,0.005069892,0.008118139,0.012693097,0.019414363,0.029089922,0.042744752,0.061636985,0.087247841,0.121225234,0.16525496,0.220831194,0.288906148,0.369426519,0.460821133,0.559590008,0.66023472,0.755797757,0.839146649,0.904786756,0.950520434,0.978039501,0.991941582,0.997646459,0.99947669,0.999915878,0.999990792,0.99999936,1
dw11,domestic_wind_2035,,structural_loss_ratio,0,"Qld, WA, NT Regions C&D",1980 to present,C1,Tile,Fibre cement,N/A,N/A,0.2s gust at 10m height m/s,38,,,,,,,,,,,,,,,,,,,,,,,,,,,,,,,,,,,,,,
dw12,domestic_wind_2036,,structural_loss_ratio,0,"Qld, WA, NT Regions C&D",1980 to present,C1,Tile,Solid masonry,N/A,N/A,0.2s gust at 10m height m/s,40,,,,,,,,,,,,,,,,,,,,,,,,,,,,,,,,,,,,,,
dw13,domestic_wind_2037,,structural_loss_ratio,0,"Qld, WA, NT Regions C&D",1980 to present,C2,Sheet metal,Brick veneer,0.1129,4.3397,0.2s gust at 10m height m/s,42,0,6.76291E-06,1.57312E-05,3.39991E-05,6.90814E-05,0.000133174,0.000245353,0.000434522,0.000743277,0.001232868,0.001989452,0.003131813,0.004820697,0.007269838,0.010758577,0.015645759,0.022384146,0.03153399,0.043773494,0.059902659,0.08083552,0.107573985,0.14115501,0.182562139,0.232593902,0.29168684,0.359701939,0.435701418,0.51776679,0.6029332,0.68732602,0.766564949,0.836431507,0.893680161,0.936751163,0.966093663,0.983908972,0.999972463
dw14,domestic_wind_2038,,structural_loss_ratio,0,"Qld, WA, NT Regions C&D",1980 to present,C2,Sheet metal,Reinf'd masonry,0.0967,4.3,0.2s gust at 10m height m/s,44,0,1.38782E-06,3.71866E-06,9.14463E-06,2.09241E-05,4.5027E-05,9.1901E-05,0.000179124,0.000335269,0.0006054,0.001058688,0.00179876,0.002977426,0.004812488,0.007610245,0.011793011,0.017931345,0.026779422,0.039309779,0.056740074,0.080539167,0.112392582,0.154099239,0.207365152,0.273461992,0.352740223,0.444041924,0.544155948,0.647580944,0.746940585,0.834300454,0.903245343,0.950955913,0.979105786,0.992802194,0.998085236,0.999627558,1
dw15,domestic_wind_2039,,structural_loss_ratio,0,"Qld, WA, NT Regions C&D",1980 to present,C2,Sheet metal,Cavity brick,N/A,N/A,0.2s gust at 10m height m/s,46,,,,,,,,,,,,,,,,,,,,,,,,,,,,,,,,,,,,,,
dw16,domestic_wind_2040,,structural_loss_ratio,0,"Qld, WA, NT Regions C&D",1980 to present,C2,Sheet metal,Timber or metal clad,0.1129,4.3397,0.2s gust at 10m height m/s,48,0,6.76291E-06,1.57312E-05,3.39991E-05,6.90814E-05,0.000133174,0.000245353,0.000434522,0.000743277,0.001232868,0.001989452,0.003131813,0.004820697,0.007269838,0.010758577,0.015645759,0.022384146,0.03153399,0.043773494,0.059902659,0.08083552,0.107573985,0.14115501,0.182562139,0.232593902,0.29168684,0.359701939,0.435701418,0.51776679,0.6029332,0.68732602,0.766564949,0.836431507,0.893680161,0.936751163,0.966093663,0.983908972,0.999972463
dw17,domestic_wind_2041,,structural_loss_ratio,0,"Qld, WA, NT Regions C&D",1980 to present,C2,Sheet metal,Fibre cement,N/A,N/A,0.2s gust at 10m height m/s,50,,,,,,,,,,,,,,,,,,,,,,,,,,,,,,,,,,,,,,
dw18,domestic_wind_2042,,structural_loss_ratio,0,"Qld, WA, NT Regions C&D",1980 to present,C2,Sheet metal,Solid masonry,N/A,N/A,0.2s gust at 10m height m/s,52,,,,,,,,,,,,,,,,,,,,,,,,,,,,,,,,,,,,,,
dw19,domestic_wind_2043,,structural_loss_ratio,0,"Qld, WA, NT Regions C&D",1980 to present,C2,Tile,Brick veneer,0.1057,4.2734,0.2s gust at 10m height m/s,54,0,5.62842E-06,1.38672E-05,3.15859E-05,6.73536E-05,0.00013578,0.000260786,0.000480185,0.00085196,0.001462635,0.002438216,0.003958152,0.006272694,0.009723858,0.014769732,0.022011129,0.032218235,0.046352824,0.065578528,0.091247484,0.124846841,0.167884104,0.221689098,0.287116981,0.364158399,0.451506103,0.546192832,0.643486173,0.737257391,0.820962007,0.889125068,0.938860528,0.970695145,0.988131861,0.996071307,0.998977319,0.999799856,1
dw20,domestic_wind_2044,,structural_loss_ratio,0,"Qld, WA, NT Regions C&D",1980 to present,C2,Tile,Reinf'd masonry,0.0929,4.3101,0.2s gust at 10m height m/s,56,0,7.16993E-07,2.00021E-06,5.10319E-06,1.20789E-05,2.68207E-05,5.63632E-05,0.000112899,0.000216811,0.000401096,0.000717689,0.001246265,0.002106252,0.003472862,0.005597964,0.008836551,0.013679127,0.020789459,0.031045426,0.045577579,0.065795085,0.093381275,0.130231336,0.178294441,0.239277108,0.314174659,0.402640533,0.502297278,0.608239152,0.713122392,0.808246085,0.885700948,0.940946762,0.974451993,0.991122923,0.997643888,0.999550178,1
dw21,domestic_wind_2045,,structural_loss_ratio,0,"Qld, WA, NT Regions C&D",1980 to present,C2,Tile,Cavity brick,N/A,N/A,0.2s gust at 10m height m/s,58,,,,,,,,,,,,,,,,,,,,,,,,,,,,,,,,,,,,,,
dw22,domestic_wind_2046,,structural_loss_ratio,0,"Qld, WA, NT Regions C&D",1980 to present,C2,Tile,Timber or metal clad,0.1057,4.2734,0.2s gust at 10m height m/s,60,0,5.62842E-06,1.38672E-05,3.15859E-05,6.73536E-05,0.00013578,0.000260786,0.000480185,0.00085196,0.001462635,0.002438216,0.003958152,0.006272694,0.009723858,0.014769732,0.022011129,0.032218235,0.046352824,0.065578528,0.091247484,0.124846841,0.167884104,0.221689098,0.287116981,0.364158399,0.451506103,0.546192832,0.643486173,0.737257391,0.820962007,0.889125068,0.938860528,0.970695145,0.988131861,0.996071307,0.998977319,0.999799856,1
dw23,domestic_wind_2047,,structural_loss_ratio,0,"Qld, WA, NT Regions C&D",1980 to present,C2,Tile,Fibre cement,N/A,N/A,0.2s gust at 10m height m/s,62,,,,,,,,,,,,,,,,,,,,,,,,,,,,,,,,,,,,,,
dw24,domestic_wind_2048,,structural_loss_ratio,0,"Qld, WA, NT Regions C&D",1980 to present,C2,Tile,Solid masonry,N/A,N/A,0.2s gust at 10m height m/s,64,,,,,,,,,,,,,,,,,,,,,,,,,,,,,,,,,,,,,,
dw25,domestic_wind_2049,,structural_loss_ratio,0,"Qld, WA, NT Regions C&D",1980 to present,C3,Sheet metal,Brick veneer,0.1088,4.4671,0.2s gust at 10m height m/s,66,0,1.33898E-06,3.2153E-06,7.15389E-06,1.49295E-05,2.95024E-05,5.56223E-05,0.00010066,0.000175725,0.000297143,0.000488363,0.000782393,0.001224851,0.001877734,0.002824005,0.004173072,0.006067237,0.008689095,0.012269797,0.017097942,0.023528626,0.031991842,0.04299898,0.057145565,0.075107619,0.097628179,0.125489719,0.15946765,0.200260313,0.248392393,0.304092441,0.367151829,0.436782496,0.511503233,0.589096263,0.666681513,0.740947224,0.971486885
dw26,domestic_wind_2050,,structural_loss_ratio,0,"Qld, WA, NT Regions C&D",1980 to present,C3,Sheet metal,Reinf'd masonry,0.1182,4.5435,0.2s gust at 10m height m/s,68,0,2.05655E-06,4.60606E-06,9.61676E-06,1.89288E-05,3.54331E-05,6.35183E-05,0.000109652,0.000183127,0.000296989,0.000469201,0.000724047,0.001093838,0.001620928,0.002360093,0.003381277,0.004772733,0.006644539,0.009132461,0.012402084,0.016653057,0.022123246,0.029092426,0.037885048,0.048871392,0.062466213,0.079123776,0.09932789,0.123575434,0.152351789,0.18609678,0.225160344,0.269748246,0.319860012,0.375223846,0.435236562,0.498920034,0.814548949
dw27,domestic_wind_2051,,structural_loss_ratio,0,"Qld, WA, NT Regions C&D",1980 to present,C3,Sheet metal,Cavity brick,N/A,N/A,0.2s gust at 10m height m/s,70,,,,,,,,,,,,,,,,,,,,,,,,,,,,,,,,,,,,,,
dw28,domestic_wind_2052,,structural_loss_ratio,0,"Qld, WA, NT Regions C&D",1980 to present,C3,Sheet metal,Timber or metal clad,0.1083,4.5005,0.2s gust at 10m height m/s,72,0,9.24106E-07,2.22805E-06,4.97565E-06,1.04191E-05,2.06541E-05,3.90545E-05,7.08714E-05,0.000124042,0.000210263,0.000346377,0.000556154,0.000872529,0.001340381,0.002019932,0.002990846,0.004357095,0.006252631,0.008847863,0.012356849,0.017044999,0.023236904,0.031323623,0.041768427,0.055109497,0.071957481,0.092985181,0.118905925,0.150436745,0.188242479,0.232857854,0.28458712,0.34338543,0.408733368,0.479525514,0.554004051,0.629775625,0.92782669
dw29,domestic_wind_2053,,structural_loss_ratio,0,"Qld, WA, NT Regions C&D",1980 to present,C3,Sheet metal,Fibre cement,N/A,N/A,0.2s gust at 10m height m/s,74,,,,,,,,,,,,,,,,,,,,,,,,,,,,,,,,,,,,,,
dw30,domestic_wind_2054,,structural_loss_ratio,0,"Qld, WA, NT Regions C&D",1980 to present,C3,Sheet metal,Solid masonry,N/A,N/A,0.2s gust at 10m height m/s,76,,,,,,,,,,,,,,,,,,,,,,,,,,,,,,,,,,,,,,
dw31,domestic_wind_2055,,structural_loss_ratio,0,"Qld, WA, NT Regions C&D",1980 to present,C3,Tile,Brick veneer,0.1131,4.4332,0.2s gust at 10m height m/s,78,0,3.02165E-06,7.01821E-06,1.51475E-05,3.07394E-05,5.91912E-05,0.000108936,0.000192742,0.000329413,0.000545981,0.000880478,0.001385386,0.002131859,0.003214814,0.004758942,0.006925688,0.009921124,0.014004561,0.019497525,0.026792478,0.036360237,0.048754549,0.064611603,0.084641483,0.109607747,0.14029067,0.177429553,0.221640311,0.273307172,0.332452332,0.39859552,0.470626332,0.546724151,0.624369311,0.700488259,0.771756918,0.835045577,0.989689351
dw32,domestic_wind_2056,,structural_loss_ratio,0,"Qld, WA, NT Regions C&D",1980 to present,C3,Tile,Reinf'd masonry,0.1074,4.4699,0.2s gust at 10m height m/s,80,0,1.09369E-06,2.65643E-06,5.97238E-06,1.25839E-05,2.5089E-05,4.76942E-05,8.69826E-05,0.000152956,0.000260421,0.000430795,0.00069443,0.001093541,0.001685853,0.002549071,0.003786267,0.005532265,0.00796104,0.011294087,0.015809554,0.021851726,0.029840142,0.040277144,0.053752096,0.070939692,0.092588907,0.119498227,0.152472072,0.192253322,0.239428073,0.294302174,0.356755608,0.426090886,0.50090483,0.579026663,0.657573335,0.733166785,0.970508567
dw33,domestic_wind_2057,,structural_loss_ratio,0,"Qld, WA, NT Regions C&D",1980 to present,C3,Tile,Cavity brick,N/A,N/A,0.2s gust at 10m height m/s,82,,,,,,,,,,,,,,,,,,,,,,,,,,,,,,,,,,,,,,
dw34,domestic_wind_2058,,structural_loss_ratio,0,"Qld, WA, NT Regions C&D",1980 to present,C3,Tile,Timber or metal clad,0.1058,4.4377,0.2s gust at 10m height m/s,84,0,1.20481E-06,2.96589E-06,6.75031E-06,1.43842E-05,2.89792E-05,5.56272E-05,0.000102376,0.000181567,0.000311628,0.000519433,0.000843357,0.001337152,0.002074812,0.003156543,0.004715995,0.006928818,0.010022549,0.014287671,0.020089422,0.027879586,0.03820686,0.051723662,0.069186163,0.091443056,0.119407247,0.154003541,0.196085165,0.246313612,0.305001164,0.37192502,0.446137089,0.525813056,0.608203435,0.689757644,0.766475054,0.834481243,0.992319161
dw35,domestic_wind_2059,,structural_loss_ratio,0,"Qld, WA, NT Regions C&D",1980 to present,C3,Tile,Fibre cement,N/A,N/A,0.2s gust at 10m height m/s,86,,,,,,,,,,,,,,,,,,,,,,,,,,,,,,,,,,,,,,
dw36,domestic_wind_2060,,structural_loss_ratio,0,"Qld, WA, NT Regions C&D",1980 to present,C3,Tile,Solid masonry,N/A,N/A,0.2s gust at 10m height m/s,88,,,,,,,,,,,,,,,,,,,,,,,,,,,,,,,,,,,,,,
dw37,domestic_wind_2061,,structural_loss_ratio,0,"Qld, WA, NT Regions C&D",1980 to present,C4,Sheet metal,Brick veneer,0.1015,4.5192,0.2s gust at 10m height m/s,90,0,3.03E-07,7.74911E-07,1.82622E-06,4.01824E-06,8.33922E-06,1.64561E-05,3.10792E-05,5.64758E-05,9.91792E-05,0.000168945,0.000280023,0.000452812,0.000715993,0.001109231,0.00168655,0.002520493,0.003707176,0.005372324,0.007678339,0.010832395,0.015095426,0.020791678,0.028318232,0.038153475,0.050862929,0.067100107,0.087599138,0.113154919,0.144585673,0.182672366,0.228070148,0.281189657,0.342051679,0.410128241,0.484196546,0.562247422,0.902959922
dw38,domestic_wind_2062,,structural_loss_ratio,0,"Qld, WA, NT Regions C&D",1980 to present,C4,Sheet metal,Reinf'd masonry,0.0962,4.563,0.2s gust at 10m height m/s,100,0,8.40575E-08,2.26388E-07,5.59328E-07,1.28534E-06,2.77702E-06,5.68913E-06,1.11277E-05,2.08973E-05,3.78555E-05,6.64062E-05,0.000113178,0.000187935,0.000304788,0.000483767,0.000752858,0.001150581,0.001729232,0.002558888,0.003732307,0.00537081,0.007631232,0.01071395,0.014871896,0.020420297,0.027746589,0.037319591,0.049696424,0.065524914,0.0855383,0.110537943,0.14135873,0.178811227,0.223594996,0.276179808,0.33665689,0.404571911,0.787786434
dw39,domestic_wind_2063,,structural_loss_ratio,0,"Qld, WA, NT Regions C&D",1980 to present,C4,Sheet metal,Cavity brick,N/A,N/A,0.2s gust at 10m height m/s,,,,,,,,,,,,,,,,,,,,,,,,,,,,,,,,,,,,,,,
dw40,domestic_wind_2064,,structural_loss_ratio,0,"Qld, WA, NT Regions C&D",1980 to present,C4,Sheet metal,Timber or metal clad,0.0941,4.5276,0.2s gust at 10m height m/s,,0,8.51248E-08,2.34388E-07,5.90901E-07,1.38335E-06,3.04059E-06,6.32959E-06,1.25671E-05,2.39348E-05,4.39365E-05,7.80462E-05,0.000134608,0.000226063,0.000370595,0.000594301,0.000934018,0.001440949,0.002185245,0.003261719,0.004796867,0.006957308,0.009959753,0.014082421,0.019677639,0.027184978,0.037143726,0.050202674,0.067124052,0.088777014,0.116114368,0.150124591,0.191750248,0.241764747,0.300603696,0.36815702,0.443545222,0.524927426,0.89775365
dw41,domestic_wind_2065,,structural_loss_ratio,0,"Qld, WA, NT Regions C&D",1980 to present,C4,Sheet metal,Fibre cement,N/A,N/A,0.2s gust at 10m height m/s,,,,,,,,,,,,,,,,,,,,,,,,,,,,,,,,,,,,,,,
dw42,domestic_wind_2066,,structural_loss_ratio,0,"Qld, WA, NT Regions C&D",1980 to present,C4,Sheet metal,Solid masonry,N/A,N/A,0.2s gust at 10m height m/s,,,,,,,,,,,,,,,,,,,,,,,,,,,,,,,,,,,,,,,
dw43,domestic_wind_2067,,structural_loss_ratio,0,"Qld, WA, NT Regions C&D",1980 to present,C4,Tile,Brick veneer,0.0885,4.4156,0.2s gust at 10m height m/s,,0,1.07723E-07,3.16244E-07,8.45301E-07,2.08835E-06,4.82471E-06,1.05205E-05,2.18144E-05,4.32754E-05,8.25516E-05,0.000152066,0.000271468,0.000471088,0.000796743,0.001316262,0.002128227,0.003373432,0.005249648,0.008030184,0.012086582,0.017915329,0.026167589,0.037679434,0.053497466,0.074890886,0.103335604,0.140449408,0.18785089,0.246912765,0.318389524,0.40193082,0.49555637,0.595265123,0.695050178,0.787609765,0.865864885,0.924953498,0.999799913
dw44,domestic_wind_2068,,structural_loss_ratio,0,"Qld, WA, NT Regions C&D",1980 to present,C4,Tile,Reinf'd masonry,0.0965,4.4487,0.2s gust at 10m height m/s,,0,2.89052E-07,7.76095E-07,1.91208E-06,4.38263E-06,9.44612E-06,1.93086E-05,3.76878E-05,7.06369E-05,0.00012772,0.000223648,0.000380518,0.00063081,0.001021351,0.001618448,0.002514443,0.00383594,0.005753935,0.008496007,0.012360598,0.017733119,0.02510315,0.035081242,0.048412685,0.065983966,0.088815491,0.118031586,0.154796315,0.200202286,0.255101284,0.319873165,0.394146447,0.476512879,0.564316803,0.653636843,0.739586627,0.817007558,0.993657208
dw45,domestic_wind_2069,,structural_loss_ratio,0,"Qld, WA, NT Regions C&D",1980 to present,C4,Tile,Cavity brick,N/A,N/A,0.2s gust at 10m height m/s,,,,,,,,,,,,,,,,,,,,,,,,,,,,,,,,,,,,,,,
dw46,domestic_wind_2070,,structural_loss_ratio,0,"Qld, WA, NT Regions C&D",1980 to present,C4,Tile,Timber or metal clad,0.0885,4.4156,0.2s gust at 10m height m/s,,0,1.07723E-07,3.16244E-07,8.45301E-07,2.08835E-06,4.82471E-06,1.05205E-05,2.18144E-05,4.32754E-05,8.25516E-05,0.000152066,0.000271468,0.000471088,0.000796743,0.001316262,0.002128227,0.003373432,0.005249648,0.008030184,0.012086582,0.017915329,0.026167589,0.037679434,0.053497466,0.074890886,0.103335604,0.140449408,0.18785089,0.246912765,0.318389524,0.40193082,0.49555637,0.595265123,0.695050178,0.787609765,0.865864885,0.924953498,0.999799913
dw47,domestic_wind_2071,,structural_loss_ratio,0,"Qld, WA, NT Regions C&D",1980 to present,C4,Tile,Fibre cement,N/A,N/A,0.2s gust at 10m height m/s,,,,,,,,,,,,,,,,,,,,,,,,,,,,,,,,,,,,,,,
dw48,domestic_wind_2072,,structural_loss_ratio,0,"Qld, WA, NT Regions C&D",1980 to present,C4,Tile,Solid masonry,N/A,N/A,0.2s gust at 10m height m/s,,,,,,,,,,,,,,,,,,,,,,,,,,,,,,,,,,,,,,,
dw49,domestic_wind_2073,,structural_loss_ratio,0,"Qld, WA, NT Regions C&D",1960 to 1979,,Sheet metal,Brick veneer,0.11,4.05,0.2s gust at 10m height m/s,,0,6.88014E-05,0.000163634,0.00036088,0.000746962,0.001464639,0.002740603,0.004922405,0.008525982,0.014293838,0.023261358,0.036823657,0.056786536,0.085371354,0.125124812,0.178664824,0.248185087,0.334669563,0.436872929,0.550336052,0.666992073,0.776088634,0.8668414,0.932174743,0.97154376,0.990619852,0.997704824,0.999610516,0.999957721,0.999997332,0.999999913,0.999999999,1,1,1,1,1,1
dw50,domestic_wind_2074,,structural_loss_ratio,0,"Qld, WA, NT Regions C&D",1960 to 1979,,Sheet metal,Reinf'd masonry,0.108246584,4.150869242,0.2s gust at 10m height m/s,,0,2.32E-05,5.59594E-05,0.000125013,0.000261856,0.0005192,0.000981837,0.001781557,0.003117025,0.005279508,0.008685042,0.013912941,0.021749131,0.033230166,0.049679428,0.072720329,0.104242117,0.146283342,0.200789952,0.269208167,0.351901667,0.447456592,0.552065206,0.659330526,0.760907488,0.848218374,0.914926909,0.959104824,0.983715001,0.994845108,0.998764734,0.999788445,0.999975796,0.99999829,0.999999932,0.999999999,1,1
dw51,domestic_wind_2075,,structural_loss_ratio,0,"Qld, WA, NT Regions C&D",1960 to 1979,,Sheet metal,Cavity brick,0.125,4.1,0.2s gust at 10m height m/s,,0,0.000145663,0.000312216,0.000626174,0.001187599,0.002147526,0.003726495,0.006237103,0.010110382,0.015925012,0.024437034,0.036605651,0.053607541,0.07682797,0.107812047,0.148155016,0.199309123,0.2622911,0.337295026,0.423256646,0.517477215,0.615482018,0.711320263,0.798446125,0.871106212,0.925832624,0.962386368,0.98358588,0.994004563,0.998224347,0.999588815,0.999928575,0.999991122,0.999999251,0.99999996,0.999999999,1,1
dw52,domestic_wind_2076,,structural_loss_ratio,0,"Qld, WA, NT Regions C&D",1960 to 1979,,Sheet metal,Timber or metal clad,0.119064,4.071007,0.2s gust at 10m height m/s,,0,0.000119628,0.000266349,0.000553056,0.001082968,0.002017096,0.003597816,0.00617853,0.010259484,0.016528681,0.02590476,0.039575238,0.059018147,0.085987519,0.122434144,0.170324872,0.231322692,0.306306571,0.394759332,0.494144843,0.599522188,0.70374577,0.798556037,0.876543721,0.933382973,0.969214241,0.988206247,0.996395018,0.999159089,0.999857862,0.999983603,0.999998795,0.999999948,0.999999999,1,1,1,1
dw53,domestic_wind_2077,,structural_loss_ratio,0,"Qld, WA, NT Regions C&D",1960 to 1979,,Sheet metal,Fibre cement,0.12,4.062743926,0.2s gust at 10m height m/s,,0,0.000137507,0.000304249,0.00062815,0.00122354,0.002267758,0.004026312,0.006884251,0.01138361,0.018265439,0.028512577,0.043385386,0.064436761,0.093484645,0.1325111,0.183449907,0.247826852,0.326240435,0.417730386,0.519185119,0.625067161,0.727813369,0.819163214,0.892269578,0.943832872,0.975095969,0.990920321,0.99738319,0.99943056,0.999911286,0.999990695,0.999999388,0.999999977,1,1,1,1,1
dw54,domestic_wind_2078,,structural_loss_ratio,0,"Qld, WA, NT Regions C&D",1960 to 1979,,Sheet metal,Solid masonry,N/A,N/A,0.2s gust at 10m height m/s,,,,,,,,,,,,,,,,,,,,,,,,,,,,,,,,,,,,,,,
dw55,domestic_wind_2079,,structural_loss_ratio,0,"Qld, WA, NT Regions C&D",1960 to 1979,,Tile or slate,Brick veneer,0.08,3.8,0.2s gust at 10m height m/s,,0,4.30405E-05,0.000141666,0.000420302,0.001142696,0.002883107,0.006816218,0.015207696,0.032167552,0.064620173,0.123056578,0.220671637,0.367961585,0.559865006,0.760808452,0.912416304,0.982688189,0.998670546,0.999975463,0.999999945,1,1,1,1,1,1,1,1,1,1,1,1,1,1,1,1,1,1
dw56,domestic_wind_2080,,structural_loss_ratio,0,"Qld, WA, NT Regions C&D",1960 to 1979,,Tile or slate,Reinf'd masonry,0.071012987,3.903121965,0.2s gust at 10m height m/s,,0,2.82275E-06,1.08034E-05,3.67866E-05,0.000113551,0.000322379,0.000851515,0.002111626,0.004951772,0.011040624,0.023491438,0.047771615,0.092722199,0.170843388,0.295556629,0.471621033,0.678107663,0.860436992,0.964932519,0.996270216,0.999895354,0.999999616,1,1,1,1,1,1,1,1,1,1,1,1,1,1,1,1
dw57,domestic_wind_2081,,structural_loss_ratio,0,"Qld, WA, NT Regions C&D",1960 to 1979,,Tile or slate,Cavity brick,0.08,3.85,0.2s gust at 10m height m/s,,0,2.30382E-05,7.58307E-05,0.000224993,0.000611804,0.001544251,0.003654256,0.008169074,0.017348813,0.035125131,0.067873438,0.124931299,0.217749827,0.355496501,0.534985382,0.728406128,0.885961185,0.971132229,0.99659321,0.999870544,0.999999064,0.999999999,1,1,1,1,1,1,1,1,1,1,1,1,1,1,1,1
dw58,domestic_wind_2082,,structural_loss_ratio,0,"Qld, WA, NT Regions C&D",1960 to 1979,,Tile or slate,Timber or metal clad,0.1516,4.0336,0.2s gust at 10m height m/s,,0,0.001063037,0.00199244,0.003534391,0.005985243,0.009740048,0.015310358,0.023339911,0.034614963,0.050064499,0.070743853,0.097793524,0.132364065,0.17549861,0.227968667,0.290067724,0.361382478,0.440582379,0.525290661,0.612114575,0.696904802,0.775269641,0.843284811,0.898235133,0.939149988,0.966912789,0.983866406,0.993054045,0.997404674,0.999174237,0.999780909,0.99995263,0.999991862,0.999998919,0.999999892,0.999999992,1,1
dw59,domestic_wind_2083,,structural_loss_ratio,0,"Qld, WA, NT Regions C&D",1960 to 1979,,Tile or slate,Fibre cement,0.1519,4.0024,0.2s gust at 10m height m/s,,0,0.001323023,0.002476374,0.004387051,0.007419244,0.012056608,0.018922174,0.028794178,0.042613029,0.061472549,0.086586393,0.119218813,0.16056876,0.211599479,0.272814555,0.343997752,0.42395834,0.510352111,0.599670373,0.687487217,0.769009364,0.839874203,0.89701149,0.939283929,0.967634144,0.984635469,0.993614107,0.99771968,0.99931489,0.999830768,0.999966495,0.99999483,0.999999397,0.999999949,0.999999997,1,1,1
dw60,domestic_wind_2084,,structural_loss_ratio,0,"Qld, WA, NT Regions C&D",1960 to 1979,,Tile or slate,Solid masonry,N/A,N/A,0.2s gust at 10m height m/s,,,,,,,,,,,,,,,,,,,,,,,,,,,,,,,,,,,,,,,
dw61,domestic_wind_2085,,structural_loss_ratio,0,"Qld, WA, NT Regions C&D",1960 to 1979,,Fibre cement,Brick veneer,0.1582,4.0626,0.2s gust at 10m height m/s,,0,0.001177479,0.002149757,0.003723168,0.006167581,0.009834589,0.015170026,0.022724392,0.033158929,0.04724417,0.065846802,0.089899746,0.120349894,0.15807841,0.203790623,0.257877279,0.320256707,0.390218497,0.466301864,0.546252579,0.627104835,0.705421663,0.77769402,0.840846539,0.892741321,0.932536417,0.960771533,0.979132065,0.989960722,0.995686937,0.998367962,0.999464217,0.999849882,0.999964737,0.999993189,0.99999894,0.99999987,1
dw62,domestic_wind_2086,,structural_loss_ratio,0,"Qld, WA, NT Regions C&D",1960 to 1979,,Fibre cement,Reinf'd masonry,0.1425,4.0686,0.2s gust at 10m height m/s,,0,0.000537187,0.001048309,0.001929658,0.003381497,0.005681527,0.009203727,0.014438052,0.022009169,0.032691168,0.047413541,0.067251661,0.093392806,0.127066964,0.169431452,0.221401452,0.283427219,0.355235176,0.435574731,0.522041883,0.611073724,0.698206447,0.7786422,0.848067228,0.903527145,0.944060818,0.970811283,0.986518631,0.994589543,0.998151893,0.999474957,0.999879078,0.999978056,0.999996959,0.999999689,0.999999977,0.999999999,1
dw63,domestic_wind_2087,,structural_loss_ratio,0,"Qld, WA, NT Regions C&D",1960 to 1979,,Fibre cement,Cavity brick,0.1572,4.0121,0.2s gust at 10m height m/s,,0,0.00155509,0.002849616,0.004951236,0.008224923,0.013145916,0.020315045,0.030469462,0.044484623,0.063361856,0.088194331,0.120103232,0.160136365,0.209124336,0.267496497,0.335071073,0.410851247,0.492878782,0.578212015,0.66309469,0.743353469,0.814998651,0.874914605,0.921447833,0.954682261,0.9762727,0.988876455,0.995399665,0.998348903,0.999494895,0.999870859,0.999972993,0.999995487,0.999999413,0.999999942,0.999999996,1,1
dw64,domestic_wind_2088,,structural_loss_ratio,0,"Qld, WA, NT Regions C&D",1960 to 1979,,Fibre cement,Timber or metal clad,0.1542,4.0312,0.2s gust at 10m height m/s,,0,0.001211735,0.002247076,0.003947386,0.006624618,0.01069035,0.016672166,0.025227248,0.037149848,0.053367867,0.074922205,0.102921172,0.13846166,0.18251007,0.235740482,0.298336641,0.36977905,0.448657557,0.532569179,0.618171389,0.701450175,0.7782182,0.844780526,0.898613778,0.938844164,0.966332606,0.983304061,0.992649008,0.997172127,0.99906612,0.99974033,0.999940485,0.999989015,0.999998408,0.999999824,0.999999986,0.999999999,1
dw65,domestic_wind_2089,,structural_loss_ratio,0,"Qld, WA, NT Regions C&D",1960 to 1979,,Fibre cement,Fibre cement,0.1545,3.9968,0.2s gust at 10m height m/s,,0,0.00153355,0.00284006,0.004982496,0.008350432,0.013455669,0.02095033,0.031639765,0.046485193,0.066589037,0.093153966,0.12740535,0.170467465,0.223187957,0.285914888,0.358247649,0.438806603,0.525091843,0.613517854,0.699701568,0.779029716,0.847434166,0.902186592,0.942445757,0.969323023,0.985402733,0.99389874,0.997799782,0.99932887,0.999830578,0.999965442,0.999994452,0.999999319,0.999999938,0.999999996,1,1,1
dw66,domestic_wind_2090,,structural_loss_ratio,0,"Qld, WA, NT Regions C&D",1960 to 1979,,Fibre cement,Solid masonry,N/A,N/A,0.2s gust at 10m height m/s,,,,,,,,,,,,,,,,,,,,,,,,,,,,,,,,,,,,,,,
dw67,domestic_wind_2091,,structural_loss_ratio,0,"Qld, WA, NT Regions C&D",1946 to 1959,,Sheet metal,Brick veneer,0.1413,4.0853,0.2s gust at 10m height m/s,,0,0.000447762,0.000878811,0.001626178,0.002863619,0.0048335,0.007864191,0.012388719,0.01896328,0.028283225,0.041192759,0.058682766,0.081869163,0.111942211,0.150076232,0.197290433,0.254257112,0.32106541,0.396968611,0.480169267,0.567722736,0.655652059,0.739345984,0.814240573,0.876666531,0.924619769,0.958159179,0.979227908,0.99093328,0.996586734,0.998915251,0.999715841,0.999940247,0.999990205,0.999998788,0.999999891,0.999999993,1
dw68,domestic_wind_2092,,structural_loss_ratio,0,"Qld, WA, NT Regions C&D",1946 to 1959,,Sheet metal,Reinf'd masonry,N/A,N/A,0.2s gust at 10m height m/s,,,,,,,,,,,,,,,,,,,,,,,,,,,,,,,,,,,,,,,
dw69,domestic_wind_2093,,structural_loss_ratio,0,"Qld, WA, NT Regions C&D",1946 to 1959,,Sheet metal,Cavity brick,0.1496,4.0047,0.2s gust at 10m height m/s,,0,0.001176719,0.002223996,0.003975119,0.006778066,0.011099378,0.017545705,0.026882084,0.040042263,0.058124213,0.082361467,0.114058794,0.154479921,0.204677568,0.265264269,0.336138977,0.416210155,0.503187681,0.593542806,0.682738343,0.765786812,0.838089784,0.896366681,0.9393628,0.968029747,0.985054484,0.993915892,0.997886166,0.999387042,0.99985528,0.99997293,0.999996107,0.999999584,0.999999968,0.999999998,1,1,1
dw70,domestic_wind_2094,,structural_loss_ratio,0,"Qld, WA, NT Regions C&D",1946 to 1959,,Sheet metal,Timber or metal clad,0.1437,4.0742,0.2s gust at 10m height m/s,,0,0.000550177,0.001067676,0.001955307,0.003410404,0.00570528,0.009205017,0.014385954,0.02185314,0.032353906,0.046783192,0.066174444,0.091667904,0.124446534,0.165629613,0.216116725,0.276382384,0.346235897,0.424582645,0.509248959,0.596954417,0.683517218,0.764341809,0.835152506,0.892816869,0.935999509,0.965377768,0.983288481,0.992924663,0.99742209,0.999208661,0.999800104,0.999959517,0.999993613,0.99999924,0.999999934,0.999999996,1
dw71,domestic_wind_2095,,structural_loss_ratio,0,"Qld, WA, NT Regions C&D",1946 to 1959,,Sheet metal,Fibre cement,0.1561,4.024,0.2s gust at 10m height m/s,,0,0.001376893,0.002534056,0.004420633,0.007371093,0.011823259,0.018333878,0.027590602,0.040416778,0.057763976,0.080685716,0.110284662,0.147625426,0.193607062,0.248794751,0.313220323,0.386176622,0.466049579,0.550249113,0.635306036,0.717184782,0.791811798,0.855739731,0.906782989,0.944416175,0.969769702,0.985196557,0.993565666,0.997556427,0.999203089,0.999781015,0.999950338,0.999990914,0.999998691,0.999999856,0.999999988,0.999999999,1
dw72,domestic_wind_2096,,structural_loss_ratio,0,"Qld, WA, NT Regions C&D",1946 to 1959,,Sheet metal,Solid masonry,N/A,N/A,0.2s gust at 10m height m/s,,,,,,,,,,,,,,,,,,,,,,,,,,,,,,,,,,,,,,,
dw73,domestic_wind_2097,,structural_loss_ratio,0,"Qld, WA, NT Regions C&D",1946 to 1959,,Tile or slate,Brick veneer,0.1401,4.0541,0.2s gust at 10m height m/s,,0,0.000523677,0.001033722,0.001922809,0.003402026,0.005766983,0.009419346,0.014889599,0.022858852,0.034176037,0.04986471,0.071111055,0.099221859,0.135538998,0.181296888,0.237414009,0.304222001,0.381158946,0.466487125,0.557132933,0.648770503,0.736253094,0.814410637,0.879076064,0.928030146,0.961475413,0.981775912,0.992531062,0.997406528,0.999255889,0.99982846,0.999969203,0.999995841,0.999999593,0.999999972,0.999999999,1,1
dw74,domestic_wind_2098,,structural_loss_ratio,0,"Qld, WA, NT Regions C&D",1946 to 1959,,Tile or slate,Reinf'd masonry,N/A,N/A,0.2s gust at 10m height m/s,,,,,,,,,,,,,,,,,,,,,,,,,,,,,,,,,,,,,,,
dw75,domestic_wind_2099,,structural_loss_ratio,0,"Qld, WA, NT Regions C&D",1946 to 1959,,Tile or slate,Cavity brick,0.1527,4.009,0.2s gust at 10m height m/s,,0,0.00131183,0.002447386,0.004322782,0.007290637,0.011818031,0.018505346,0.028101294,0.041509752,0.059782102,0.084086767,0.115646007,0.155629777,0.204999116,0.264299082,0.333415522,0.411331533,0.495945258,0.584032183,0.671437264,0.753547042,0.826009384,0.88555213,0.930650498,0.961779356,0.981111902,0.991761866,0.996884142,0.998997747,0.999731654,0.999941594,0.999989931,0.999998664,0.999999868,0.999999991,1,1,1
dw76,domestic_wind_2100,,structural_loss_ratio,0,"Qld, WA, NT Regions C&D",1946 to 1959,,Tile or slate,Timber or metal clad,0.1547,4.0542,0.2s gust at 10m height m/s,,0,0.001067324,0.001975451,0.003464274,0.005805084,0.009355745,0.014575368,0.02203714,0.032436795,0.046593106,0.065435518,0.089972841,0.121236107,0.160189112,0.20760255,0.263893366,0.328940799,0.401904629,0.481087493,0.563896617,0.646962483,0.726452787,0.798572739,0.860172263,0.90930981,0.94559026,0.970137965,0.985190221,0.9934526,0.997457917,0.999147324,0.999757314,0.99994253,0.999988917,0.999998299,0.999999798,0.999999982,1
dw77,domestic_wind_2101,,structural_loss_ratio,0,"Qld, WA, NT Regions C&D",1946 to 1959,,Tile or slate,Fibre cement,0.1501,3.9929,0.2s gust at 10m height m/s,,0,0.0013018,0.002455053,0.00437923,0.00745281,0.012181656,0.019221141,0.029393958,0.043698185,0.063297745,0.089484756,0.123601181,0.166907043,0.220386432,0.284493474,0.35886069,0.442022067,0.531236892,0.622524047,0.711006537,0.791599048,0.859941665,0.913327837,0.951281245,0.97550363,0.989169893,0.995869998,0.998670258,0.999647001,0.999924742,0.999987483,0.999998427,0.999999856,0.999999991,1,1,1,1
dw78,domestic_wind_2102,,structural_loss_ratio,0,"Qld, WA, NT Regions C&D",1946 to 1959,,Tile or slate,Solid masonry,N/A,N/A,0.2s gust at 10m height m/s,,,,,,,,,,,,,,,,,,,,,,,,,,,,,,,,,,,,,,,
dw79,domestic_wind_2103,,structural_loss_ratio,0,"Qld, WA, NT Regions C&D",1946 to 1959,,Fibre cement,Brick veneer,0.1501,4.0457,0.2s gust at 10m height m/s,,0,0.000915922,0.001727624,0.003082552,0.005248455,0.008584686,0.013559876,0.020768319,0.030942305,0.044956262,0.063816901,0.088631839,0.120547864,0.160650011,0.209815232,0.268521406,0.336625161,0.413140945,0.496076214,0.582396301,0.668194674,0.749114682,0.820998501,0.880637927,0.926409533,0.958555003,0.978964542,0.990521747,0.99627138,0.998742865,0.999644069,0.999917256,0.999984591,0.999997763,0.999999754,0.99999998,0.999999999,1
dw80,domestic_wind_2104,,structural_loss_ratio,0,"Qld, WA, NT Regions C&D",1946 to 1959,,Fibre cement,Reinf'd masonry,N/A,N/A,0.2s gust at 10m height m/s,,,,,,,,,,,,,,,,,,,,,,,,,,,,,,,,,,,,,,,
dw81,domestic_wind_2105,,structural_loss_ratio,0,"Qld, WA, NT Regions C&D",1946 to 1959,,Fibre cement,Cavity brick,0.1527,4.009,0.2s gust at 10m height m/s,,0,0.00131183,0.002447386,0.004322782,0.007290637,0.011818031,0.018505346,0.028101294,0.041509752,0.059782102,0.084086767,0.115646007,0.155629777,0.204999116,0.264299082,0.333415522,0.411331533,0.495945258,0.584032183,0.671437264,0.753547042,0.826009384,0.88555213,0.930650498,0.961779356,0.981111902,0.991761866,0.996884142,0.998997747,0.999731654,0.999941594,0.999989931,0.999998664,0.999999868,0.999999991,1,1,1
dw82,domestic_wind_2106,,structural_loss_ratio,0,"Qld, WA, NT Regions C&D",1946 to 1959,,Fibre cement,Timber or metal clad,0.1514,4.04,0.2s gust at 10m height m/s,,0,0.00100989,0.001894441,0.003363223,0.005699684,0.009282147,0.014601232,0.022275491,0.033062274,0.04785941,0.067691644,0.093674124,0.126944126,0.168552682,0.219311029,0.27959469,0.349121671,0.426740709,0.510287311,0.59658149,0.681638294,0.761126411,0.831034815,0.888407402,0.931923748,0.962100594,0.981002566,0.991553469,0.996723784,0.998911551,0.999696471,0.999930515,0.999987257,0.999998177,0.999999802,0.999999984,0.999999999,1
dw83,domestic_wind_2107,,structural_loss_ratio,0,"Qld, WA, NT Regions C&D",1946 to 1959,,Fibre cement,Fibre cement,0.1539,3.9893,0.2s gust at 10m height m/s,,0,0.001569943,0.002914403,0.005123986,0.008604437,0.013889645,0.021660631,0.032758808,0.048187964,0.069097226,0.096735138,0.1323637,0.177122104,0.231834985,0.296771509,0.371381136,0.454058428,0.542016703,0.631365311,0.717468576,0.795598766,0.861781436,0.913605323,0.950703024,0.974678256,0.988472548,0.995429025,0.998451277,0.99956106,0.999898342,0.99998125,0.999997322,0.999999713,0.999999978,0.999999999,1,1,1
dw84,domestic_wind_2108,,structural_loss_ratio,0,"Qld, WA, NT Regions C&D",1946 to 1959,,Fibre cement,Solid masonry,N/A,N/A,0.2s gust at 10m height m/s,,,,,,,,,,,,,,,,,,,,,,,,,,,,,,,,,,,,,,,
dw85,domestic_wind_2109,,structural_loss_ratio,0,"Qld, WA, NT Regions C&D",1914 to 1945,,Sheet metal,Brick veneer,N/A,N/A,0.2s gust at 10m height m/s,,,,,,,,,,,,,,,,,,,,,,,,,,,,,,,,,,,,,,,
dw86,domestic_wind_2110,,structural_loss_ratio,0,"Qld, WA, NT Regions C&D",1914 to 1945,,Sheet metal,Reinf'd masonry,N/A,N/A,0.2s gust at 10m height m/s,,,,,,,,,,,,,,,,,,,,,,,,,,,,,,,,,,,,,,,
dw87,domestic_wind_2111,,structural_loss_ratio,0,"Qld, WA, NT Regions C&D",1914 to 1945,,Sheet metal,Cavity brick,0.1414,3.9712,0.2s gust at 10m height m/s,,0,0.001008648,0.001978169,0.003657159,0.006432517,0.010840051,0.017597475,0.027634514,0.042112919,0.062425011,0.090154475,0.126978375,0.174487455,0.233906911,0.305718253,0.389220678,0.482128448,0.580366408,0.678263588,0.769298649,0.847371713,0.908283066,0.950834188,0.976969243,0.99079214,0.99694084,0.999180589,0.999828978,0.999973232,0.99999699,0.999999768,0.999999988,1,1,1,1,1,1
dw88,domestic_wind_2112,,structural_loss_ratio,0,"Qld, WA, NT Regions C&D",1914 to 1945,,Sheet metal,Timber or metal clad,0.1439,4.0476,0.2s gust at 10m height m/s,,0,0.000668785,0.00129658,0.002372292,0.004133861,0.006908926,0.011135464,0.017382596,0.026369013,0.038974944,0.056241526,0.079349079,0.109563527,0.148138908,0.196165339,0.254358082,0.322797223,0.400650458,0.485941995,0.575460259,0.66490911,0.74937815,0.824119317,0.885477476,0.931686461,0.963203258,0.982390485,0.992648066,0.997376341,0.999217701,0.999809983,0.999963444,0.999994601,0.999999408,0.999999954,0.999999998,1,1
dw89,domestic_wind_2113,,structural_loss_ratio,0,"Qld, WA, NT Regions C&D",1914 to 1945,,Sheet metal,Fibre cement,0.1476,3.9768,0.2s gust at 10m height m/s,,0,0.001297327,0.002473045,0.004454721,0.007649602,0.012606851,0.020043444,0.030865116,0.046175648,0.067264633,0.095560441,0.132532461,0.179526819,0.237525764,0.306836796,0.386746424,0.475214433,0.568727529,0.662453001,0.750799096,0.828370739,0.891117082,0.937282145,0.96773121,0.985441656,0.99435904,0.998166054,0.999512578,0.999897124,0.999983303,0.999997989,0.999999827,0.99999999,1,1,1,1,1
dw90,domestic_wind_2114,,structural_loss_ratio,0,"Qld, WA, NT Regions C&D",1914 to 1945,,Sheet metal,Solid masonry,N/A,N/A,0.2s gust at 10m height m/s,,,,,,,,,,,,,,,,,,,,,,,,,,,,,,,,,,,,,,,
dw91,domestic_wind_2115,,structural_loss_ratio,0,"Qld, WA, NT Regions C&D",1914 to 1945,,Tile or slate,Brick veneer,N/A,N/A,0.2s gust at 10m height m/s,,,,,,,,,,,,,,,,,,,,,,,,,,,,,,,,,,,,,,,
dw92,domestic_wind_2116,,structural_loss_ratio,0,"Qld, WA, NT Regions C&D",1914 to 1945,,Tile or slate,Reinf'd masonry,N/A,N/A,0.2s gust at 10m height m/s,,,,,,,,,,,,,,,,,,,,,,,,,,,,,,,,,,,,,,,
dw93,domestic_wind_2117,,structural_loss_ratio,0,"Qld, WA, NT Regions C&D",1914 to 1945,,Tile or slate,Cavity brick,0.1451,3.9456,0.2s gust at 10m height m/s,,0,0.001434391,0.002764702,0.005030207,0.008716742,0.014484378,0.02319945,0.035958797,0.054096142,0.079155688,0.112813157,0.156721494,0.212261147,0.280188867,0.360210733,0.450557285,0.547703509,0.646425724,0.740371026,0.823178821,0.88993109,0.938420313,0.969626326,0.987077923,0.995374495,0.998645432,0.999685546,0.999944144,0.999992703,0.999999329,0.999999959,0.999999998,1,1,1,1,1,1
dw94,domestic_wind_2118,,structural_loss_ratio,0,"Qld, WA, NT Regions C&D",1914 to 1945,,Tile or slate,Timber or metal clad,0.1539,4.0242,0.2s gust at 10m height m/s,,0,0.001251606,0.002323769,0.004086475,0.006864635,0.011087174,0.017304041,0.026200103,0.038602301,0.055474853,0.077895651,0.107005529,0.143921598,0.189607544,0.24469904,0.309292964,0.382725602,0.463385963,0.548630432,0.634873511,0.717912442,0.793489389,0.858006013,0.909209094,0.946615027,0.971489773,0.986360935,0.994244036,0.997893074,0.999343436,0.999829354,0.99996383,0.9999939,0.999999203,0.999999922,0.999999994,1,1
dw95,domestic_wind_2119,,structural_loss_ratio,0,"Qld, WA, NT Regions C&D",1914 to 1945,,Tile or slate,Fibre cement,0.148,3.9564,0.2s gust at 10m height m/s,,0,0.001515884,0.002884354,0.005186508,0.008890885,0.014626863,0.023211931,0.035671451,0.053242229,0.077347433,0.109526586,0.151302191,0.203966818,0.268285447,0.344132091,0.430119524,0.523331207,0.619306305,0.712427192,0.796772939,0.867316612,0.921112319,0.957980305,0.980316889,0.992059627,0.99730554,0.999250914,0.999834335,0.999971795,0.999996435,0.999999679,0.99999998,0.999999999,1,1,1,1,1
dw96,domestic_wind_2120,,structural_loss_ratio,0,"Qld, WA, NT Regions C&D",1914 to 1945,,Tile or slate,Solid masonry,N/A,N/A,0.2s gust at 10m height m/s,,,,,,,,,,,,,,,,,,,,,,,,,,,,,,,,,,,,,,,
dw97,domestic_wind_2121,,structural_loss_ratio,0,"Qld, WA, NT Regions C&D",1914 to 1945,,Fibre cement,Brick veneer,N/A,N/A,0.2s gust at 10m height m/s,,,,,,,,,,,,,,,,,,,,,,,,,,,,,,,,,,,,,,,
dw98,domestic_wind_2122,,structural_loss_ratio,0,"Qld, WA, NT Regions C&D",1914 to 1945,,Fibre cement,Reinf'd masonry,N/A,N/A,0.2s gust at 10m height m/s,,,,,,,,,,,,,,,,,,,,,,,,,,,,,,,,,,,,,,,
dw99,domestic_wind_2123,,structural_loss_ratio,0,"Qld, WA, NT Regions C&D",1914 to 1945,,Fibre cement,Cavity brick,0.1454,3.9297,0.2s gust at 10m height m/s,,0,0.001621752,0.003121329,0.005671235,0.009814119,0.016284839,0.026043582,0.040298313,0.060504181,0.088322038,0.125513041,0.173744295,0.234286552,0.307606129,0.392896028,0.487656031,0.587502321,0.686422406,0.777627699,0.854944811,0.914361891,0.955083877,0.979511788,0.992066507,0.997462674,0.99935017,0.999871288,0.999981037,0.999998011,0.999999858,0.999999994,1,1,1,1,1,1,1
dw100,domestic_wind_2124,,structural_loss_ratio,0,"Qld, WA, NT Regions C&D",1914 to 1945,,Fibre cement,Timber or metal clad,0.1539,4.0242,0.2s gust at 10m height m/s,,0,0.001251606,0.002323769,0.004086475,0.006864635,0.011087174,0.017304041,0.026200103,0.038602301,0.055474853,0.077895651,0.107005529,0.143921598,0.189607544,0.24469904,0.309292964,0.382725602,0.463385963,0.548630432,0.634873511,0.717912442,0.793489389,0.858006013,0.909209094,0.946615027,0.971489773,0.986360935,0.994244036,0.997893074,0.999343436,0.999829354,0.99996383,0.9999939,0.999999203,0.999999922,0.999999994,1,1
dw101,domestic_wind_2125,,structural_loss_ratio,0,"Qld, WA, NT Regions C&D",1914 to 1945,,Fibre cement,Fibre cement,0.1456,3.9461,0.2s gust at 10m height m/s,,0,0.001461953,0.002811449,0.005104667,0.008828861,0.014644615,0.02341713,0.036239577,0.054438498,0.079546564,0.113223308,0.15710164,0.21254078,0.280280229,0.360020459,0.450006906,0.546756592,0.64511418,0.738808037,0.821545327,0.888431322,0.937219178,0.968797957,0.986594472,0.995140803,0.998554217,0.999657629,0.999937666,0.999991605,0.999999199,0.999999948,0.999999998,1,1,1,1,1,1
dw102,domestic_wind_2126,,structural_loss_ratio,0,"Qld, WA, NT Regions C&D",1914 to 1945,,Fibre cement,Solid masonry,N/A,N/A,0.2s gust at 10m height m/s,,,,,,,,,,,,,,,,,,,,,,,,,,,,,,,,,,,,,,,
dw103,domestic_wind_2127,,structural_loss_ratio,0,"Qld, WA, NT Regions C&D",1891 to 1913,,Sheet metal,Brick veneer,N/A,N/A,0.2s gust at 10m height m/s,,,,,,,,,,,,,,,,,,,,,,,,,,,,,,,,,,,,,,,
dw104,domestic_wind_2128,,structural_loss_ratio,0,"Qld, WA, NT Regions C&D",1891 to 1913,,Sheet metal,Reinf'd masonry,N/A,N/A,0.2s gust at 10m height m/s,,,,,,,,,,,,,,,,,,,,,,,,,,,,,,,,,,,,,,,
dw105,domestic_wind_2129,,structural_loss_ratio,0,"Qld, WA, NT Regions C&D",1891 to 1913,,Sheet metal,Cavity brick,N/A,N/A,0.2s gust at 10m height m/s,,,,,,,,,,,,,,,,,,,,,,,,,,,,,,,,,,,,,,,
dw106,domestic_wind_2130,,structural_loss_ratio,0,"Qld, WA, NT Regions C&D",1891 to 1913,,Sheet metal,Timber or metal clad,0.1414,3.9721,0.2s gust at 10m height m/s,,0,0.001002251,0.00196563,0.003633997,0.006391835,0.010771646,0.017486806,0.027461611,0.041851396,0.062041492,0.089608904,0.126225873,0.173482522,0.232610691,0.304109101,0.387307129,0.479961816,0.578048024,0.675940333,0.767141873,0.845540499,0.906882248,0.949885404,0.976411578,0.990514166,0.996826378,0.999142795,0.999819303,0.999971383,0.999996737,0.999999745,0.999999987,1,1,1,1,1,1
dw107,domestic_wind_2131,,structural_loss_ratio,0,"Qld, WA, NT Regions C&D",1891 to 1913,,Sheet metal,Fibre cement,N/A,N/A,0.2s gust at 10m height m/s,,,,,,,,,,,,,,,,,,,,,,,,,,,,,,,,,,,,,,,
dw108,domestic_wind_2132,,structural_loss_ratio,0,"Qld, WA, NT Regions C&D",1891 to 1913,,Sheet metal,Solid masonry,0.1421,3.9371,0.2s gust at 10m height m/s,,0,0.001326318,0.002592179,0.004776597,0.008374604,0.014067265,0.022758988,0.035607355,0.054034004,0.079699246,0.114416798,0.159980846,0.217880263,0.288891883,0.372584592,0.466832828,0.567520495,0.668675009,0.763236114,0.844465437,0.907647761,0.951393058,0.97782644,0.991454998,0.997298328,0.999322055,0.999869946,0.999981715,0.999998203,0.999999883,0.999999995,1,1,1,1,1,1,1
dw109,domestic_wind_2133,,structural_loss_ratio,0,"Qld, WA, NT Regions C&D",1891 to 1913,,Tile or slate,Brick veneer,N/A,N/A,0.2s gust at 10m height m/s,,,,,,,,,,,,,,,,,,,,,,,,,,,,,,,,,,,,,,,
dw110,domestic_wind_2134,,structural_loss_ratio,0,"Qld, WA, NT Regions C&D",1891 to 1913,,Tile or slate,Reinf'd masonry,N/A,N/A,0.2s gust at 10m height m/s,,,,,,,,,,,,,,,,,,,,,,,,,,,,,,,,,,,,,,,
dw111,domestic_wind_2135,,structural_loss_ratio,0,"Qld, WA, NT Regions C&D",1891 to 1913,,Tile or slate,Cavity brick,N/A,N/A,0.2s gust at 10m height m/s,,,,,,,,,,,,,,,,,,,,,,,,,,,,,,,,,,,,,,,
dw112,domestic_wind_2136,,structural_loss_ratio,0,"Qld, WA, NT Regions C&D",1891 to 1913,,Tile or slate,Timber or metal clad,0.1469,3.9036,0.2s gust at 10m height m/s,,0,0.002067924,0.003952746,0.00713583,0.012273198,0.020243964,0.032182175,0.049490901,0.073821803,0.106997093,0.150846338,0.206932415,0.276156292,0.35826759,0.451371477,0.551603088,0.653202444,0.749200203,0.832747923,0.898792614,0.945450125,0.974361751,0.989744081,0.9966029,0.999096796,0.999813878,0.999971419,0.99999687,0.999999767,0.999999989,1,1,1,1,1,1,1,1
dw113,domestic_wind_2137,,structural_loss_ratio,0,"Qld, WA, NT Regions C&D",1891 to 1913,,Tile or slate,Fibre cement,N/A,N/A,0.2s gust at 10m height m/s,,,,,,,,,,,,,,,,,,,,,,,,,,,,,,,,,,,,,,,
dw114,domestic_wind_2138,,structural_loss_ratio,0,"Qld, WA, NT Regions C&D",1891 to 1913,,Tile or slate,Solid masonry,0.1469,3.9036,0.2s gust at 10m height m/s,,0,0.002067924,0.003952746,0.00713583,0.012273198,0.020243964,0.032182175,0.049490901,0.073821803,0.106997093,0.150846338,0.206932415,0.276156292,0.35826759,0.451371477,0.551603088,0.653202444,0.749200203,0.832747923,0.898792614,0.945450125,0.974361751,0.989744081,0.9966029,0.999096796,0.999813878,0.999971419,0.99999687,0.999999767,0.999999989,1,1,1,1,1,1,1,1
dw115,domestic_wind_2139,,structural_loss_ratio,0,"Qld, WA, NT Regions C&D",1840 to 1890,,Sheet metal,Brick veneer,N/A,N/A,0.2s gust at 10m height m/s,,,,,,,,,,,,,,,,,,,,,,,,,,,,,,,,,,,,,,,
dw116,domestic_wind_2140,,structural_loss_ratio,0,"Qld, WA, NT Regions C&D",1840 to 1890,,Sheet metal,Reinf'd masonry,N/A,N/A,0.2s gust at 10m height m/s,,,,,,,,,,,,,,,,,,,,,,,,,,,,,,,,,,,,,,,
dw117,domestic_wind_2141,,structural_loss_ratio,0,"Qld, WA, NT Regions C&D",1840 to 1890,,Sheet metal,Cavity brick,N/A,N/A,0.2s gust at 10m height m/s,,,,,,,,,,,,,,,,,,,,,,,,,,,,,,,,,,,,,,,
dw118,domestic_wind_2142,,structural_loss_ratio,0,"Qld, WA, NT Regions C&D",1840 to 1890,,Sheet metal,Timber or metal clad,0.1445,3.9689,0.2s gust at 10m height m/s,,0,0.001188196,0.002296686,0.004189883,0.007279407,0.012127354,0.019476319,0.030274896,0.04569119,0.067103022,0.096049204,0.134122668,0.182785827,0.24309539,0.315343179,0.398655754,0.490647758,0.587278096,0.683082104,0.771899608,0.848052955,0.907675693,0.949678614,0.97585949,0.990024607,0.996534901,0.999015579,0.999778207,0.999961713,0.999995127,0.999999562,0.999999973,0.999999999,1,1,1,1,1
dw119,domestic_wind_2143,,structural_loss_ratio,0,"Qld, WA, NT Regions C&D",1840 to 1890,,Sheet metal,Fibre cement,N/A,N/A,0.2s gust at 10m height m/s,,,,,,,,,,,,,,,,,,,,,,,,,,,,,,,,,,,,,,,
dw120,domestic_wind_2144,,structural_loss_ratio,0,"Qld, WA, NT Regions C&D",1840 to 1890,,Sheet metal,Solid masonry,0.1462,3.9328,0.2s gust at 10m height m/s,,0,0.001644507,0.003153777,0.005711435,0.009853958,0.016305562,0.026009825,0.040150819,0.060151919,0.087635364,0.124320793,0.171839167,0.231444193,0.303622945,0.387647061,0.481165895,0.58000933,0.678403264,0.76974774,0.847919183,0.908759173,0.951154427,0.977135228,0.990854746,0.996955098,0.999180562,0.99982755,0.999972651,0.999996864,0.999999752,0.999999987,1,1,1,1,1,1,1
dw121,domestic_wind_2145,,structural_loss_ratio,0,"Qld, WA, NT Regions C&D",1840 to 1890,,Tile or slate,Brick veneer,N/A,N/A,0.2s gust at 10m height m/s,,,,,,,,,,,,,,,,,,,,,,,,,,,,,,,,,,,,,,,
dw122,domestic_wind_2146,,structural_loss_ratio,0,"Qld, WA, NT Regions C&D",1840 to 1890,,Tile or slate,Reinf'd masonry,N/A,N/A,0.2s gust at 10m height m/s,,,,,,,,,,,,,,,,,,,,,,,,,,,,,,,,,,,,,,,
dw123,domestic_wind_2147,,structural_loss_ratio,0,"Qld, WA, NT Regions C&D",1840 to 1890,,Tile or slate,Cavity brick,N/A,N/A,0.2s gust at 10m height m/s,,,,,,,,,,,,,,,,,,,,,,,,,,,,,,,,,,,,,,,
dw124,domestic_wind_2148,,structural_loss_ratio,0,"Qld, WA, NT Regions C&D",1840 to 1890,,Tile or slate,Timber or metal clad,0.1469,3.9036,0.2s gust at 10m height m/s,,0,0.002067924,0.003952746,0.00713583,0.012273198,0.020243964,0.032182175,0.049490901,0.073821803,0.106997093,0.150846338,0.206932415,0.276156292,0.35826759,0.451371477,0.551603088,0.653202444,0.749200203,0.832747923,0.898792614,0.945450125,0.974361751,0.989744081,0.9966029,0.999096796,0.999813878,0.999971419,0.99999687,0.999999767,0.999999989,1,1,1,1,1,1,1,1
dw125,domestic_wind_2149,,structural_loss_ratio,0,"Qld, WA, NT Regions C&D",1840 to 1890,,Tile or slate,Fibre cement,N/A,N/A,0.2s gust at 10m height m/s,,,,,,,,,,,,,,,,,,,,,,,,,,,,,,,,,,,,,,,
dw126,domestic_wind_2150,,structural_loss_ratio,0,"Qld, WA, NT Regions C&D",1840 to 1890,,Tile or slate,Solid masonry,0.1469,3.9036,0.2s gust at 10m height m/s,,0,0.002067924,0.003952746,0.00713583,0.012273198,0.020243964,0.032182175,0.049490901,0.073821803,0.106997093,0.150846338,0.206932415,0.276156292,0.35826759,0.451371477,0.551603088,0.653202444,0.749200203,0.832747923,0.898792614,0.945450125,0.974361751,0.989744081,0.9966029,0.999096796,0.999813878,0.999971419,0.99999687,0.999999767,0.999999989,1,1,1,1,1,1,1,1
dw127,domestic_wind_2151,,structural_loss_ratio,0,Qld region B,1996 to present,N2,Sheet metal,Brick veneer,0.08,4.2,0.2s gust at 10m height m/s,,0,2.90011E-07,9.54603E-07,2.83256E-06,7.7038E-06,1.94541E-05,4.60835E-05,0.00010325,0.000220282,0.000450011,0.000884387,0.001678514,0.003086631,0.005514396,0.009592268,0.016274104,0.026961453,0.043644273,0.069027584,0.1065735,0.160323776,0.234288834,0.331149167,0.450156423,0.584676064,0.720889688,0.840136293,0.926268814,0.974581638,0.994054887,0.999167636,0.999940597,0.999998239,0.999999983,1,1,1,1
dw128,domestic_wind_2152,,structural_loss_ratio,0,Qld region B,1996 to present,N2,Sheet metal,Reinf'd masonry,0.073872101,4.227232076,0.2s gust at 10m height m/s,,0,5.75448E-08,2.09091E-07,6.79009E-07,2.00653E-06,5.47176E-06,1.39231E-05,3.33544E-05,7.57802E-05,0.000164275,0.000341503,0.000683712,0.001323038,0.002482056,0.004525834,0.008037855,0.013926512,0.023566473,0.038970458,0.062964909,0.099296729,0.152515795,0.227361365,0.3272884,0.451894863,0.593721764,0.73645751,0.858101561,0.940954564,0.982744281,0.996881018,0.999705142,0.999988295,0.999999853,1,1,1,1
dw129,domestic_wind_2153,,structural_loss_ratio,0,Qld region B,1996 to present,N2,Sheet metal,Cavity brick,0.084272663,4.190609629,0.2s gust at 10m height m/s,,0,6.9545E-07,2.15497E-06,6.0513E-06,1.56438E-05,3.7692E-05,8.54652E-05,0.000183808,0.000377353,0.000743413,0.001411619,0.002592972,0.004621611,0.00801293,0.013541279,0.022338243,0.036006485,0.056731021,0.087345038,0.131266516,0.192166727,0.273184602,0.37552963,0.49655274,0.627952235,0.755623263,0.862964384,0.93773986,0.978573824,0.994875655,0.999236549,0.999938284,0.999997724,0.999999969,1,1,1,1
dw130,domestic_wind_2154,,structural_loss_ratio,0,Qld region B,1996 to present,N2,Sheet metal,Timber or metal clad,0.081967674,4.222119541,0.2s gust at 10m height m/s,,0,3.17801E-07,1.01658E-06,2.93873E-06,7.80287E-06,1.92709E-05,4.47143E-05,9.82616E-05,0.00020586,0.000413402,0.000799386,0.001494087,0.00270782,0.004771449,0.008192659,0.013731165,0.022493919,0.03604576,0.056518609,0.086678829,0.129873467,0.189722675,0.269377744,0.370184343,0.489804206,0.620400336,0.748316678,0.857069098,0.933963543,0.976774158,0.994289149,0.999119221,0.999925724,0.999997118,0.999999959,1,1,1
dw131,domestic_wind_2155,,structural_loss_ratio,0,Qld region B,1996 to present,N2,Sheet metal,Fibre cement,0.081967674,4.222119541,0.2s gust at 10m height m/s,,0,3.17801E-07,1.01658E-06,2.93873E-06,7.80287E-06,1.92709E-05,4.47143E-05,9.82616E-05,0.00020586,0.000413402,0.000799386,0.001494087,0.00270782,0.004771449,0.008192659,0.013731165,0.022493919,0.03604576,0.056518609,0.086678829,0.129873467,0.189722675,0.269377744,0.370184343,0.489804206,0.620400336,0.748316678,0.857069098,0.933963543,0.976774158,0.994289149,0.999119221,0.999925724,0.999997118,0.999999959,1,1,1
dw132,domestic_wind_2156,,structural_loss_ratio,0,Qld region B,1996 to present,N2,Sheet metal,Solid masonry,N/A,N/A,0.2s gust at 10m height m/s,,,,,,,,,,,,,,,,,,,,,,,,,,,,,,,,,,,,,,,
dw133,domestic_wind_2157,,structural_loss_ratio,0,Qld region B,1996 to present,N2,Tile,Brick veneer,0.1481,4.1,0.2s gust at 10m height m/s,,0,0.000577663,0.00109914,0.001977051,0.003391801,0.005588161,0.008889252,0.013710828,0.02057452,0.030118007,0.043099021,0.060388967,0.082950622,0.111793381,0.14789922,0.192113914,0.245002088,0.306672528,0.376592524,0.453425839,0.534944813,0.618075869,0.699129273,0.774228933,0.839894616,0.893651969,0.934489571,0.962990284,0.981060627,0.991340566,0.996515985,0.998787046,0.999641282,0.999911694,0.999982304,0.999997182,0.999999653,1
dw134,domestic_wind_2158,,structural_loss_ratio,0,Qld region B,1996 to present,N2,Tile,Reinf'd masonry,0.1463,4.139951652,0.2s gust at 10m height m/s,,0,0.00040112,0.000769352,0.001394069,0.002408086,0.003993171,0.006391482,0.00991778,0.014971693,0.022048849,0.031749053,0.044778865,0.061944946,0.084133538,0.112270631,0.147257174,0.189874806,0.240660771,0.299756917,0.366747385,0.440512261,0.519137653,0.599931128,0.679587783,0.754528389,0.821384151,0.877540331,0.921596758,0.953590547,0.974881901,0.98772208,0.994653096,0.997956426,0.999325779,0.999811441,0.999956179,0.99999172,1
dw135,domestic_wind_2159,,structural_loss_ratio,0,Qld region B,1996 to present,N2,Tile,Cavity brick,0.1518,4.090088721,0.2s gust at 10m height m/s,,0,0.000739476,0.001385041,0.002455649,0.004157146,0.006764672,0.01063619,0.016225611,0.024093958,0.0349162,0.049480396,0.06867468,0.093456561,0.124798389,0.163603251,0.210587805,0.266133715,0.330118095,0.40174586,0.479421325,0.560708617,0.64243301,0.720959595,0.792645283,0.854398381,0.904215063,0.941527392,0.967227064,0.983332472,0.992407766,0.99694659,0.998932726,0.999681329,0.999920241,0.999983608,0.999997295,0.99999965,1
dw136,domestic_wind_2160,,structural_loss_ratio,0,Qld region B,1996 to present,N2,Tile,Timber or metal clad,0.1516,4.1219683,0.2s gust at 10m height m/s,,0,0.000593606,0.001112819,0.001974704,0.003345839,0.005449374,0.008576501,0.013098013,0.019474905,0.028266459,0.040133516,0.055833815,0.076205418,0.102133466,0.13449529,0.174079608,0.221477971,0.276951383,0.340282733,0.410636012,0.486454695,0.565440518,0.644654369,0.72076676,0.790451947,0.850870385,0.900133037,0.937613043,0.963991168,0.980999772,0.990941336,0.996147504,0.998558977,0.999533177,0.999871212,0.999970292,0.999994383,1
dw137,domestic_wind_2161,,structural_loss_ratio,0,Qld region B,1996 to present,N2,Tile,Fibre cement,0.1516,4.1219683,0.2s gust at 10m height m/s,,0,0.000593606,0.001112819,0.001974704,0.003345839,0.005449374,0.008576501,0.013098013,0.019474905,0.028266459,0.040133516,0.055833815,0.076205418,0.102133466,0.13449529,0.174079608,0.221477971,0.276951383,0.340282733,0.410636012,0.486454695,0.565440518,0.644654369,0.72076676,0.790451947,0.850870385,0.900133037,0.937613043,0.963991168,0.980999772,0.990941336,0.996147504,0.998558977,0.999533177,0.999871212,0.999970292,0.999994383,1
dw138,domestic_wind_2162,,structural_loss_ratio,0,Qld region B,1996 to present,N2,Tile,Solid masonry,N/A,N/A,0.2s gust at 10m height m/s,,,,,,,,,,,,,,,,,,,,,,,,,,,,,,,,,,,,,,,
dw139,domestic_wind_2163,,structural_loss_ratio,0,Qld region B,1996 to present,N3,Sheet metal,Brick veneer,0.1,4.3,0.2s gust at 10m height m/s,,0,2.16589E-06,5.61776E-06,1.34106E-05,2.98582E-05,6.26475E-05,0.000124889,0.000238114,0.000436548,0.000773026,0.001327043,0.002215418,0.003606168,0.005736084,0.008932411,0.013638641,0.020443711,0.030112602,0.043614152,0.062138584,0.087092516,0.120053251,0.162658104,0.216401107,0.282314481,0.360534352,0.449799305,0.54701,0.647071041,0.74328641,0.828492078,0.896801882,0.945371851,0.975261392,0.990728577,0.997234851,0.999373277,0.999999999
dw140,domestic_wind_2164,,structural_loss_ratio,0,Qld region B,1996 to present,N3,Sheet metal,Reinf'd masonry,0.094753834,4.335451271,0.2s gust at 10m height m/s,,0,7.23661E-07,1.9787E-06,4.95663E-06,1.15359E-05,2.52183E-05,5.22314E-05,0.000103211,0.000195692,0.000357699,0.000632804,0.001087097,0.001818586,0.002969636,0.004743042,0.007422322,0.01139655,0.017189546,0.025492224,0.037195082,0.053414873,0.075505037,0.105033334,0.143702886,0.193186457,0.254843217,0.329301019,0.41592742,0.512289578,0.613810783,0.713925442,0.805015077,0.880152047,0.935163514,0.97001616,0.9885539,0.996540271,0.999999967
dw141,domestic_wind_2165,,structural_loss_ratio,0,Qld region B,1996 to present,N3,Sheet metal,Cavity brick,0.106941082,4.291475061,0.2s gust at 10m height m/s,,0,5.46897E-06,1.33341E-05,3.00829E-05,6.35874E-05,0.000127149,0.000242367,0.000443124,0.000781002,0.001332466,0.002208188,0.003564888,0.005620021,0.008669469,0.013108144,0.019452785,0.028365323,0.040673676,0.0573846,0.079680186,0.108885838,0.146393792,0.193523925,0.251305841,0.32017749,0.399621385,0.487803227,0.581334402,0.675327679,0.763910681,0.841250269,0.902902357,0.947014859,0.974782961,0.989806489,0.996606393,0.999102163,0.999999993
dw142,domestic_wind_2166,,structural_loss_ratio,0,Qld region B,1996 to present,N3,Sheet metal,Timber or metal clad,0.104519774,4.330461062,0.2s gust at 10m height m/s,,0,2.84454E-06,7.08008E-06,1.62772E-05,3.50079E-05,7.11356E-05,0.000137641,0.000255205,0.000455774,0.000787369,0.001320443,0.0021561,0.00343653,0.00535795,0.008186239,0.012275243,0.01808727,0.02621456,0.037399341,0.052548287,0.07273474,0.099178866,0.133192511,0.176072748,0.2289283,0.292429442,0.366489415,0.449917927,0.540134437,0.633078897,0.723480424,0.805593757,0.874350854,0.926620827,0.962055669,0.983033594,0.993618648,0.999999034
dw143,domestic_wind_2167,,structural_loss_ratio,0,Qld region B,1996 to present,N3,Sheet metal,Fibre cement,0.101372074,4.309148715,0.2s gust at 10m height m/s,,0,2.36107E-06,6.04551E-06,1.42627E-05,3.14134E-05,6.52526E-05,0.000128873,0.000243573,0.000442906,0.000778242,0.001326259,0.002198809,0.003555635,0.00562039,0.00870026,0.013209197,0.019694126,0.02886241,0.041607046,0.05902333,0.082406821,0.113217557,0.152990313,0.203167414,0.26483337,0.338346059,0.42289527,0.516080774,0.61367972,0.709830941,0.797832133,0.871548729,0.927068277,0.963876955,0.984830373,0.994776916,0.998582376,0.999999991
dw144,domestic_wind_2168,,structural_loss_ratio,0,Qld region B,1996 to present,N3,Sheet metal,Solid masonry,N/A,N/A,0.2s gust at 10m height m/s,,,,,,,,,,,,,,,,,,,,,,,,,,,,,,,,,,,,,,,
dw145,domestic_wind_2169,,structural_loss_ratio,0,Qld region B,1996 to present,N3,Tile,Brick veneer,0.1296,4.1245,0.2s gust at 10m height m/s,,0,0.000164976,0.000344168,0.000673406,0.00124847,0.002210586,0.003761556,0.006181742,0.009850635,0.01526916,0.02308194,0.034096345,0.049293128,0.069820866,0.096963344,0.132066238,0.176408282,0.231004934,0.296342869,0.372064898,0.456658885,0.547246038,0.639597943,0.728508408,0.808571392,0.875255837,0.925966021,0.960651554,0.981628527,0.992628695,0.997520881,0.999320575,0.999853026,0.999975788,0.999997082,0.999999754,0.999999986,1
dw146,domestic_wind_2170,,structural_loss_ratio,0,Qld region B,1996 to present,N3,Tile,Reinf'd masonry,0.1219,4.1757,0.2s gust at 10m height m/s,,0,6.2532E-05,0.000136662,0.000279007,0.000537932,0.000987767,0.001738974,0.002950947,0.004847706,0.007736501,0.01202903,0.018264277,0.027130961,0.039485978,0.056362968,0.078962197,0.108609596,0.146669833,0.194397483,0.252714521,0.321915631,0.401329173,0.489002106,0.581524297,0.674139796,0.761272514,0.837483015,0.898668184,0.943093189,0.971767876,0.987899475,0.995632356,0.998710591,0.999698844,0.999946414,0.99999304,0.999999371,1
dw147,domestic_wind_2171,,structural_loss_ratio,0,Qld region B,1996 to present,N3,Tile,Cavity brick,0.1385,4.1164,0.2s gust at 10m height m/s,,0,0.000306094,0.000609051,0.001141247,0.00203318,0.003469314,0.005702925,0.009072664,0.014020087,0.021106715,0.031028221,0.044622002,0.062862688,0.086838248,0.117697628,0.156560078,0.204377892,0.261749844,0.328694319,0.404410048,0.487077086,0.573774772,0.660603822,0.743078219,0.816784119,0.878191384,0.925387,0.958450687,0.979280782,0.990903468,0.996550036,0.99889347,0.999706882,0.999937536,0.999989599,0.99999869,0.999999879,1
dw148,domestic_wind_2172,,structural_loss_ratio,0,Qld region B,1996 to present,N3,Tile,Timber or metal clad,0.1341,4.1494,0.2s gust at 10m height m/s,,0,0.00018353,0.000373539,0.000714588,0.001297641,0.002253988,0.003767572,0.006089321,0.009553222,0.014593409,0.021760945,0.031737998,0.04534584,0.063541407,0.087395309,0.118042335,0.15659465,0.204009042,0.260904732,0.327339303,0.402568735,0.484842173,0.571307139,0.658113653,0.740787706,0.814879212,0.876778028,0.924470032,0.957946425,0.979058385,0.990834602,0.996543053,0.998900823,0.999712536,0.999939839,0.999990227,0.999998809,1
dw149,domestic_wind_2173,,structural_loss_ratio,0,Qld region B,1996 to present,N3,Tile,Fibre cement,0.1341,4.1494,0.2s gust at 10m height m/s,,0,0.00018353,0.000373539,0.000714588,0.001297641,0.002253988,0.003767572,0.006089321,0.009553222,0.014593409,0.021760945,0.031737998,0.04534584,0.063541407,0.087395309,0.118042335,0.15659465,0.204009042,0.260904732,0.327339303,0.402568735,0.484842173,0.571307139,0.658113653,0.740787706,0.814879212,0.876778028,0.924470032,0.957946425,0.979058385,0.990834602,0.996543053,0.998900823,0.999712536,0.999939839,0.999990227,0.999998809,1
dw150,domestic_wind_2174,,structural_loss_ratio,0,Qld region B,1996 to present,N3,Tile,Solid masonry,N/A,N/A,0.2s gust at 10m height m/s,,,,,,,,,,,,,,,,,,,,,,,,,,,,,,,,,,,,,,,
dw151,domestic_wind_2175,,structural_loss_ratio,0,Qld region B,1996 to present,N4,Sheet metal,Brick veneer,0.15,4.45,0.2s gust at 10m height m/s,,0,6.15815E-05,0.000116249,0.000207632,0.000354005,0.000580129,0.000918768,0.001412397,0.002115096,0.003094621,0.004434619,0.006236953,0.008624081,0.011741386,0.015759332,0.020875282,0.027314743,0.035331744,0.045207992,0.05725037,0.071786272,0.089156246,0.109703371,0.133758884,0.161623682,0.193545619,0.22969291,0.27012457,0.31475958,0.363347363,0.415443136,0.470392502,0.527330122,0.585197146,0.642780928,0.698778273,0.751879982,0.94001188
dw152,domestic_wind_2176,,structural_loss_ratio,0,Qld region B,1996 to present,N4,Sheet metal,Reinf'd masonry,0.154527163,4.510904986,0.2s gust at 10m height m/s,,0,5.51614E-05,0.00010221,0.000179481,0.000301266,0.000486618,0.000760381,0.001154328,0.001708412,0.002472116,0.00350589,0.004882662,0.006689381,0.009028548,0.012019686,0.015800656,0.020528715,0.026381185,0.033555569,0.042268898,0.052756097,0.065267084,0.080062315,0.097406501,0.11756019,0.140769025,0.16725055,0.197178626,0.230665761,0.267743975,0.308345205,0.352282732,0.39923551,0.448737725,0.500176101,0.552797438,0.605728462,0.841257937
dw153,domestic_wind_2177,,structural_loss_ratio,0,Qld region B,1996 to present,N4,Sheet metal,Cavity brick,0.163732394,4.437052512,0.2s gust at 10m height m/s,,0,0.000150285,0.000268966,0.000457562,0.00074593,0.001172666,0.00178666,0.002648748,0.003833429,0.005430627,0.007547432,0.01030976,0.013863828,0.018377331,0.024040161,0.031064476,0.039683893,0.050151525,0.062736571,0.07771913,0.095382919,0.116005594,0.139846472,0.167131574,0.198036121,0.232664918,0.271031442,0.313036896,0.35845099,0.406896691,0.457841542,0.510598293,0.564337407,0.618113304,0.670904981,0.721669907,0.769407904,0.93870579
dw154,domestic_wind_2178,,structural_loss_ratio,0,Qld region B,1996 to present,N4,Sheet metal,Timber or metal clad,0.157545272,4.475480657,0.2s gust at 10m height m/s,,0,8.3341E-05,0.000152609,0.000265102,0.000440578,0.000705106,0.001092341,0.001644928,0.002416012,0.003470837,0.004888423,0.006763266,0.009207014,0.01235005,0.016342872,0.021357154,0.027586321,0.035245438,0.044570185,0.055814623,0.069247462,0.085146494,0.10379087,0.125450934,0.150375419,0.178775959,0.210809093,0.246556263,0.286002708,0.329016626,0.375330481,0.424526846,0.476031457,0.529116331,0.582915445,0.636454718,0.68869663,0.897485593
dw155,domestic_wind_2179,,structural_loss_ratio,0,Qld region B,1996 to present,N4,Sheet metal,Fibre cement,0.157545272,4.475480657,0.2s gust at 10m height m/s,,0,8.3341E-05,0.000152609,0.000265102,0.000440578,0.000705106,0.001092341,0.001644928,0.002416012,0.003470837,0.004888423,0.006763266,0.009207014,0.01235005,0.016342872,0.021357154,0.027586321,0.035245438,0.044570185,0.055814623,0.069247462,0.085146494,0.10379087,0.125450934,0.150375419,0.178775959,0.210809093,0.246556263,0.286002708,0.329016626,0.375330481,0.424526846,0.476031457,0.529116331,0.582915445,0.636454718,0.68869663,0.897485593
dw156,domestic_wind_2180,,structural_loss_ratio,0,Qld region B,1996 to present,N4,Sheet metal,Solid masonry,N/A,N/A,0.2s gust at 10m height m/s,,,,,,,,,,,,,,,,,,,,,,,,,,,,,,,,,,,,,,,
dw157,domestic_wind_2181,,structural_loss_ratio,0,Qld region B,1996 to present,N4,Tile,Brick veneer,0.1,4.3,0.2s gust at 10m height m/s,,0,2.16589E-06,5.61776E-06,1.34106E-05,2.98582E-05,6.26475E-05,0.000124889,0.000238114,0.000436548,0.000773026,0.001327043,0.002215418,0.003606168,0.005736084,0.008932411,0.013638641,0.020443711,0.030112602,0.043614152,0.062138584,0.087092516,0.120053251,0.162658104,0.216401107,0.282314481,0.360534352,0.449799305,0.54701,0.647071041,0.74328641,0.828492078,0.896801882,0.945371851,0.975261392,0.990728577,0.997234851,0.999373277,0.999999999
dw158,domestic_wind_2182,,structural_loss_ratio,0,Qld region B,1996 to present,N4,Tile,Reinf'd masonry,0.092862936,4.369711026,0.2s gust at 10m height m/s,,0,3.75213E-07,1.04717E-06,2.67267E-06,6.32823E-06,1.40561E-05,2.95475E-05,5.9203E-05,0.000113725,0.00021045,0.000376679,0.000654328,0.001106306,0.001825074,0.002943918,0.004651504,0.007210216,0.010978632,0.016438045,0.024222123,0.035147301,0.050239093,0.070745737,0.098125438,0.133987028,0.179957703,0.237449054,0.307300684,0.389309314,0.481710825,0.580774046,0.680761744,0.774543082,0.854992148,0.916909886,0.958690556,0.982736406,0.999996706
dw159,domestic_wind_2183,,structural_loss_ratio,0,Qld region B,1996 to present,N4,Tile,Cavity brick,0.106650446,4.289416136,0.2s gust at 10m height m/s,,0,5.39448E-06,1.31845E-05,2.98114E-05,6.31421E-05,0.000126498,0.000241549,0.000442355,0.000780852,0.001334151,0.002214024,0.003578971,0.005649199,0.008724701,0.013206317,0.019619059,0.028636002,0.041099505,0.058034163,0.080642748,0.11027249,0.148335114,0.196161779,0.254776543,0.324584199,0.40499589,0.494062144,0.588242216,0.682486577,0.77079924,0.847321856,0.907725619,0.950402623,0.976839798,0.990857703,0.997044878,0.999246172,0.999999996
dw160,domestic_wind_2184,,structural_loss_ratio,0,Qld region B,1996 to present,N4,Tile,Timber or metal clad,0.104217356,4.327375571,0.2s gust at 10m height m/s,,0,2.82343E-06,7.04615E-06,1.62384E-05,3.50021E-05,7.12703E-05,0.000138166,0.000256638,0.000459104,0.000794381,0.001334198,0.002181651,0.003481935,0.005435669,0.008315023,0.012482598,0.018412547,0.026712679,0.038144971,0.05364009,0.074298852,0.10137024,0.136191972,0.180076859,0.23412864,0.298978336,0.374451548,0.459212503,0.55048118,0.643971165,0.734214591,0.815376467,0.882476796,0.932667579,0.966005452,0.985244989,0.994650699,0.999999429
dw161,domestic_wind_2185,,structural_loss_ratio,0,Qld region B,1996 to present,N4,Tile,Fibre cement,0.104217356,4.327375571,0.2s gust at 10m height m/s,,0,2.82343E-06,7.04615E-06,1.62384E-05,3.50021E-05,7.12703E-05,0.000138166,0.000256638,0.000459104,0.000794381,0.001334198,0.002181651,0.003481935,0.005435669,0.008315023,0.012482598,0.018412547,0.026712679,0.038144971,0.05364009,0.074298852,0.10137024,0.136191972,0.180076859,0.23412864,0.298978336,0.374451548,0.459212503,0.55048118,0.643971165,0.734214591,0.815376467,0.882476796,0.932667579,0.966005452,0.985244989,0.994650699,0.999999429
dw162,domestic_wind_2186,,structural_loss_ratio,0,Qld region B,1996 to present,N4,Tile,Solid masonry,N/A,N/A,0.2s gust at 10m height m/s,,,,,,,,,,,,,,,,,,,,,,,,,,,,,,,,,,,,,,,
dw163,domestic_wind_2187,,structural_loss_ratio,0,Qld region B,1996 to present,N5,Sheet metal,Brick veneer,0.15,4.5011,0.2s gust at 10m height m/s,,0,4.38031E-05,8.26889E-05,0.000147692,0.000251815,0.000412678,0.000653603,0.001004837,0.001504919,0.002202176,0.003156349,0.004440324,0.006141939,0.008365828,0.011235224,0.014893654,0.019506386,0.025261487,0.032370294,0.04106705,0.051607428,0.064265593,0.07932944,0.097093613,0.117849934,0.141874925,0.169414231,0.200663981,0.235749435,0.274701684,0.317433739,0.363717934,0.413167219,0.465223434,0.51915599,0.574074225,0.628956026,0.864841693
dw164,domestic_wind_2188,,structural_loss_ratio,0,Qld region B,1996 to present,N5,Sheet metal,Reinf'd masonry,0.13933518,4.5096,0.2s gust at 10m height m/s,,0,1.91168E-05,3.78864E-05,7.07428E-05,0.000125648,0.000213857,0.000350864,0.000557512,0.000861289,0.001297811,0.001912495,0.002762433,0.00391845,0.005467327,0.007514154,0.010184745,0.013628034,0.018018322,0.023557183,0.030474812,0.039030484,0.049511763,0.062231967,0.077525366,0.095739499,0.117223989,0.142315293,0.17131695,0.204475196,0.241950286,0.283784523,0.329868904,0.379911338,0.433410514,0.489640469,0.547651474,0.606292546,0.862696391
dw165,domestic_wind_2189,,structural_loss_ratio,0,Qld region B,1996 to present,N5,Sheet metal,Cavity brick,0.16066482,4.4545,0.2s gust at 10m height m/s,,0,0.000113964,0.000206244,0.000354446,0.000583263,0.000924937,0.001420692,0.002122276,0.003093609,0.004412488,0.006172332,0.008483901,0.011476919,0.015301504,0.020129269,0.026153948,0.033591332,0.042678281,0.053670544,0.066839057,0.082464415,0.100829166,0.122207661,0.146853249,0.174982769,0.206758513,0.242268159,0.28150357,0.324339813,0.370516299,0.41962238,0.471090107,0.524196971,0.578081135,0.631770908,0.684228815,0.734408749,0.922256106
dw166,domestic_wind_2190,,structural_loss_ratio,0,Qld region B,1996 to present,N5,Sheet metal,Timber or metal clad,0.15,4.5011,0.2s gust at 10m height m/s,,0,4.38031E-05,8.26889E-05,0.000147692,0.000251815,0.000412678,0.000653603,0.001004837,0.001504919,0.002202176,0.003156349,0.004440324,0.006141939,0.008365828,0.011235224,0.014893654,0.019506386,0.025261487,0.032370294,0.04106705,0.051607428,0.064265593,0.07932944,0.097093613,0.117849934,0.141874925,0.169414231,0.200663981,0.235749435,0.274701684,0.317433739,0.363717934,0.413167219,0.465223434,0.51915599,0.574074225,0.628956026,0.864841693
dw167,domestic_wind_2191,,structural_loss_ratio,0,Qld region B,1996 to present,N5,Sheet metal,Fibre cement,0.156371191,4.4962,0.2s gust at 10m height m/s,,0,6.80284E-05,0.000125137,0.000218286,0.000364165,0.000584888,0.000909114,0.00137329,0.002022999,0.002914402,0.004115763,0.005709017,0.007791356,0.010476757,0.013897405,0.018204878,0.023571001,0.030188186,0.038269078,0.04804527,0.059764842,0.073688411,0.090083416,0.109216328,0.131342562,0.15669391,0.185463519,0.217788607,0.253731456,0.293259577,0.336226372,0.382354107,0.431221409,0.482257801,0.534747853,0.587847199,0.640611924,0.865670141
dw168,domestic_wind_2192,,structural_loss_ratio,0,Qld region B,1996 to present,N5,Sheet metal,Solid masonry,N/A,N/A,0.2s gust at 10m height m/s,,,,,,,,,,,,,,,,,,,,,,,,,,,,,,,,,,,,,,,
dw169,domestic_wind_2193,,structural_loss_ratio,0,Qld region B,1996 to present,N5,Tile,Brick veneer,0.1075,4.3654,0.2s gust at 10m height m/s,,0,2.92828E-06,7.10656E-06,1.59654E-05,3.36158E-05,6.69775E-05,0.000127246,0.000231928,0.000407601,0.00069357,0.001146622,0.0018471,0.002906495,0.004476783,0.006761614,0.010029388,0.014627977,0.021000482,0.029700801,0.041406814,0.056927756,0.077200553,0.103267928,0.136229007,0.177151882,0.226938357,0.286135967,0.354703873,0.431759409,0.515360526,0.602409923,0.68878412,0.769771169,0.840820844,0.898470114,0.94115333,0.969543895,0.99990892
dw170,domestic_wind_2194,,structural_loss_ratio,0,Qld region B,1996 to present,N5,Tile,Reinf'd masonry,0.0984,4.3712,0.2s gust at 10m height m/s,,0,8.49744E-07,2.23844E-06,5.41969E-06,1.22249E-05,2.59611E-05,5.23386E-05,0.000100845,0.000186727,0.000333771,0.000578129,0.000973475,0.001597818,0.002562338,0.004022621,0.006192633,0.009361666,0.013914189,0.020352086,0.029317819,0.041615715,0.058226381,0.080306321,0.109161006,0.146175598,0.1926846,0.249762702,0.317928687,0.396778395,0.484605936,0.578131923,0.672513341,0.761817357,0.840039924,0.902505681,0.947167927,0.975155144,0.9999792
dw171,domestic_wind_2195,,structural_loss_ratio,0,Qld region B,1996 to present,N5,Tile,Cavity brick,0.1189,4.3223,0.2s gust at 10m height m/s,,0,1.42749E-05,3.18199E-05,6.61468E-05,0.000129676,0.000241836,0.000432,0.000743276,0.001237315,0.002000283,0.003150122,0.004845204,0.007294384,0.010768313,0.015611653,0.022255451,0.031228418,0.043165075,0.058807785,0.078998433,0.104654258,0.136721212,0.176097862,0.223524148,0.279433403,0.343774392,0.415823466,0.494024646,0.575913546,0.658191261,0.737004015,0.808441432,0.869188181,0.917170547,0.951978278,0.974870958,0.988322907,0.999979493
dw172,domestic_wind_2196,,structural_loss_ratio,0,Qld region B,1996 to present,N5,Tile,Timber or metal clad,0.1075,4.3654,0.2s gust at 10m height m/s,,0,2.92828E-06,7.10656E-06,1.59654E-05,3.36158E-05,6.69775E-05,0.000127246,0.000231928,0.000407601,0.00069357,0.001146622,0.0018471,0.002906495,0.004476783,0.006761614,0.010029388,0.014627977,0.021000482,0.029700801,0.041406814,0.056927756,0.077200553,0.103267928,0.136229007,0.177151882,0.226938357,0.286135967,0.354703873,0.431759409,0.515360526,0.602409923,0.68878412,0.769771169,0.840820844,0.898470114,0.94115333,0.969543895,0.99990892
dw173,domestic_wind_2197,,structural_loss_ratio,0,Qld region B,1996 to present,N5,Tile,Fibre cement,0.1075,4.3654,0.2s gust at 10m height m/s,,0,2.92828E-06,7.10656E-06,1.59654E-05,3.36158E-05,6.69775E-05,0.000127246,0.000231928,0.000407601,0.00069357,0.001146622,0.0018471,0.002906495,0.004476783,0.006761614,0.010029388,0.014627977,0.021000482,0.029700801,0.041406814,0.056927756,0.077200553,0.103267928,0.136229007,0.177151882,0.226938357,0.286135967,0.354703873,0.431759409,0.515360526,0.602409923,0.68878412,0.769771169,0.840820844,0.898470114,0.94115333,0.969543895,0.99990892
dw174,domestic_wind_2198,,structural_loss_ratio,0,Qld region B,1996 to present,N5,Tile,Solid masonry,N/A,N/A,0.2s gust at 10m height m/s,,,,,,,,,,,,,,,,,,,,,,,,,,,,,,,,,,,,,,,
dw175,domestic_wind_2199,,structural_loss_ratio,0,Qld region B,1980 to 1995,,Sheet metal,Brick veneer,0.11,4.0574,0.2s gust at 10m height m/s,,0,6.43253E-05,0.000152989,0.000337406,0.000698382,0.001369415,0.002562528,0.004602892,0.007973501,0.013370129,0.021764573,0.034469706,0.053192126,0.080045802,0.117483008,0.168079725,0.234101646,0.31679577,0.415436214,0.526335204,0.64229617,0.753191526,0.848176989,0.919198224,0.96412859,0.98729024,0.996591833,0.9993509,0.999918589,0.999993852,0.999999748,0.999999995,1,1,1,1,1,1
dw176,domestic_wind_2200,,structural_loss_ratio,0,Qld region B,1980 to 1995,,Sheet metal,Reinf'd masonry,0.100564854,4.0981,0.2s gust at 10m height m/s,,0,1.73526E-05,4.47673E-05,0.000106343,0.000235695,0.000492418,0.000977638,0.00185652,0.00338982,0.005976601,0.010209884,0.016945491,0.027380932,0.043134289,0.066300663,0.099444077,0.145455856,0.207183372,0.286727264,0.384365345,0.497250935,0.618385837,0.736765148,0.839616021,0.916701839,0.964715142,0.988455996,0.997271513,0.999570556,0.999959223,0.999997926,0.999999951,1,1,1,1,1,1
dw177,domestic_wind_2201,,structural_loss_ratio,0,Qld region B,1980 to 1995,,Sheet metal,Cavity brick,0.110920502,4.0518,0.2s gust at 10m height m/s,,0,7.32979E-05,0.000173079,0.000379211,0.000780172,0.001521209,0.002831629,0.005061073,0.008725892,0.014565504,0.023606067,0.037223871,0.057192428,0.085684152,0.125180043,0.178222582,0.246939826,0.332296186,0.433123151,0.545179726,0.660756453,0.769498568,0.860856446,0.927621644,0.968739139,0.989279805,0.997233728,0.999496209,0.999939989,0.999995726,0.999999836,0.999999997,1,1,1,1,1,1
dw178,domestic_wind_2202,,structural_loss_ratio,0,Qld region B,1980 to 1995,,Sheet metal,Timber or metal clad,0.112608089,4.078,0.2s gust at 10m height m/s,,0,6.69907E-05,0.000156163,0.000338153,0.000688236,0.001328646,0.002450471,0.004342527,0.007428132,0.012309857,0.019820764,0.031077443,0.047524874,0.070954671,0.10346662,0.147329784,0.204689381,0.277071123,0.364676471,0.465564548,0.574986439,0.685322771,0.787118704,0.871378772,0.932482322,0.970210285,0.989381316,0.997082572,0.999415626,0.999920073,0.999993087,0.999999654,0.999999991,1,1,1,1,1
dw179,domestic_wind_2203,,structural_loss_ratio,0,Qld region B,1980 to 1995,,Sheet metal,Fibre cement,0.117287308,4.0763,0.2s gust at 10m height m/s,,0,9.97296E-05,0.000224757,0.000471898,0.000933539,0.001755345,0.003158826,0.005470121,0.009155334,0.014861758,0.023462468,0.036098566,0.054208157,0.079523726,0.114009975,0.159704753,0.218421608,0.291284472,0.378108562,0.476731366,0.582530204,0.688487256,0.786158515,0.867615515,0.927824214,0.966310659,0.986979003,0.995993224,0.999062482,0.999841903,0.999981945,0.999998701,0.999999946,0.999999999,1,1,1,1
dw180,domestic_wind_2204,,structural_loss_ratio,0,Qld region B,1980 to 1995,,Sheet metal,Solid masonry,N/A,N/A,0.2s gust at 10m height m/s,,,,,,,,,,,,,,,,,,,,,,,,,,,,,,,,,,,,,,,
dw181,domestic_wind_2205,,structural_loss_ratio,0,Qld region B,1980 to 1995,,Tile and slate,Brick veneer,0.16,4.1,0.2s gust at 10m height m/s,,0,0.001005595,0.001823683,0.003139363,0.005172039,0.008206415,0.012602614,0.018805091,0.027348883,0.038861183,0.054055524,0.073715227,0.098662243,0.12970746,0.167579305,0.21282952,0.265718924,0.326091904,0.393256325,0.465894043,0.542033906,0.619119997,0.694198434,0.764223247,0.826446883,0.878822195,0.920315979,0.951037431,0.972128696,0.985440306,0.993091646,0.997055914,0.998886775,0.999631425,0.999894668,0.999974416,0.999994806,1
dw182,domestic_wind_2206,,structural_loss_ratio,0,Qld region B,1980 to 1995,,Tile and slate,Reinf'd masonry,0.147888889,4.126209118,0.2s gust at 10m height m/s,,0,0.000478748,0.000911809,0.001641591,0.002818801,0.004648292,0.007401146,0.011427292,0.01716776,0.025165104,0.036069815,0.050639614,0.0697275,0.094253412,0.125153776,0.16330347,0.209406671,0.263857584,0.32657988,0.39686506,0.47324351,0.553434079,0.634422182,0.712704359,0.78470249,0.847294469,0.898345048,0.937080391,0.96416637,0.981438755,0.991367027,0.996445354,0.998724332,0.999607772,0.999898599,0.999978407,0.999996296,1
dw183,domestic_wind_2207,,structural_loss_ratio,0,Qld region B,1980 to 1995,,Tile and slate,Cavity brick,0.161444444,4.094108028,0.2s gust at 10m height m/s,,0,0.001109347,0.002001074,0.003427821,0.005621592,0.008881812,0.013585175,0.020193975,0.029261389,0.041431541,0.057431569,0.078052243,0.104113301,0.136409742,0.175636326,0.222289913,0.276553524,0.338172298,0.406339461,0.479618559,0.55593382,0.632659544,0.706827708,0.775448176,0.835900461,0.886319464,0.925876086,0.954863811,0.974551517,0.986838658,0.993819783,0.99739416,0.999025244,0.999680717,0.999909706,0.999978287,0.999995632,1
dw184,domestic_wind_2208,,structural_loss_ratio,0,Qld region B,1980 to 1995,,Tile and slate,Timber or metal clad,0.163888889,4.121333003,0.2s gust at 10m height m/s,,0,0.00103994,0.001859497,0.003159998,0.005144725,0.008074276,0.012274678,0.018144369,0.026158925,0.036871993,0.050910406,0.068961014,0.09174641,0.119986689,0.154344841,0.195354718,0.243333005,0.298280464,0.359782929,0.426928388,0.498261809,0.571801805,0.645140109,0.715633631,0.780678814,0.838031918,0.886114055,0.924227147,0.952617076,0.97235654,0.985074017,0.992605733,0.996670662,0.998651315,0.999513834,0.999845884,0.999957579,0.999999995
dw185,domestic_wind_2209,,structural_loss_ratio,0,Qld region B,1980 to 1995,,Tile and slate,Fibre cement,0.165666667,4.081816155,0.2s gust at 10m height m/s,,0,0.00142078,0.002524307,0.004264451,0.006904287,0.010778173,0.016300347,0.02397122,0.034379593,0.048198471,0.066171544,0.089086944,0.117734774,0.15284541,0.195007171,0.244564981,0.301506463,0.365348343,0.435043447,0.508934882,0.584786565,0.659914141,0.731424709,0.79654716,0.853002076,0.899331839,0.9351024,0.960910084,0.978180264,0.988812847,0.994782272,0.99780925,0.999181265,0.999730948,0.999923269,0.999981276,0.999996149,1
dw186,domestic_wind_2210,,structural_loss_ratio,0,Qld region B,1980 to 1995,,Tile and slate,Solid masonry,N/A,N/A,0.2s gust at 10m height m/s,,,,,,,,,,,,,,,,,,,,,,,,,,,,,,,,,,,,,,,
dw187,domestic_wind_2211,,structural_loss_ratio,0,Other states and regions,1996 to present,N1,Sheet metal,Brick veneer,0.123312422,4.19191268,0.2s gust at 10m height m/s,,0,6.12568E-05,0.000132682,0.000268676,0.000514136,0.000937534,0.001639912,0.002766139,0.004518625,0.007173538,0.011099258,0.016776321,0.024817274,0.035983647,0.051195506,0.071526787,0.098176918,0.132406756,0.175425559,0.228217698,0.291305887,0.364465097,0.446429958,0.534675499,0.6253848,0.713723615,0.794490247,0.863079231,0.91651397,0.954158726,0.977748897,0.990652514,0.996682619,0.999032316,0.99977509,0.999959786,0.999994683,1
dw188,domestic_wind_2212,,structural_loss_ratio,0,Other states and regions,1996 to present,N1,Sheet metal,Reinf'd masonry,0.130407779,4.23360009,0.2s gust at 10m height m/s,,0,7.54287E-05,0.000156649,0.000305259,0.000563868,0.000995139,0.00168849,0.002768185,0.004402872,0.006816525,0.010300541,0.015226495,0.022058595,0.03136431,0.043820765,0.060213492,0.081422877,0.10839247,0.142072518,0.183332327,0.232837349,0.290892318,0.357261533,0.430991646,0.51027937,0.592441241,0.674045837,0.751249217,0.820323365,0.878289451,0.923488683,0.955889584,0.976986734,0.989296558,0.995636066,0.998469314,0.999547669,0.999999969
dw189,domestic_wind_2213,,structural_loss_ratio,0,Other states and regions,1996 to present,N1,Sheet metal,Cavity brick,0.12314931,4.187689799,0.2s gust at 10m height m/s,,0,6.25845E-05,0.000135696,0.000275036,0.000526758,0.00096131,0.001682732,0.00284029,0.00464266,0.007374689,0.011416445,0.017263749,0.025548489,0.037055731,0.052732767,0.073682856,0.10113359,0.13636726,0.180599422,0.23479441,0.299415704,0.374128423,0.457502292,0.54680261,0.63799011,0.726051708,0.805720058,0.872493954,0.923678193,0.959028046,0.980650572,0.992136629,0.997318482,0.999254299,0.999836284,0.999972643,0.999996661,1
dw190,domestic_wind_2214,,structural_loss_ratio,0,Other states and regions,1996 to present,N1,Sheet metal,Timber or metal clad,0.126248432,4.209129039,0.2s gust at 10m height m/s,,0,6.69733E-05,0.000142479,0.000283818,0.000534974,0.000961992,0.001660944,0.002767749,0.004469969,0.007020578,0.010753441,0.016099864,0.023604954,0.033941586,0.047918539,0.066477686,0.090673212,0.121623992,0.160429154,0.208037826,0.265068781,0.331586496,0.406858436,0.489143691,0.575589655,0.662328555,0.744849702,0.818657793,0.880111337,0.927204774,0.959991136,0.980422905,0.99163005,0.996939045,0.999065129,0.999767878,0.999954538,1
dw191,domestic_wind_2215,,structural_loss_ratio,0,Other states and regions,1996 to present,N1,Sheet metal,Fibre cement,0.130081556,4.219198984,0.2s gust at 10m height m/s,,0,8.22767E-05,0.000171184,0.000334139,0.000618156,0.001092482,0.001856052,0.003046502,0.004850781,0.007517278,0.011369152,0.016818227,0.024378236,0.034675516,0.048454188,0.066571618,0.089978558,0.119677052,0.156648556,0.201745654,0.255544365,0.318161981,0.389058456,0.466857381,0.549241891,0.632993641,0.714236695,0.788909847,0.853416047,0.905302576,0.94375435,0.969693841,0.985408,0.993827263,0.997749053,0.999307294,0.999824314,0.999999996
dw192,domestic_wind_2216,,structural_loss_ratio,0,Other states and regions,1996 to present,N1,Sheet metal,Solid masonry,N/A,N/A,0.2s gust at 10m height m/s,,,,,,,,,,,,,,,,,,,,,,,,,,,,,,,,,,,,,,,
dw193,domestic_wind_2217,,structural_loss_ratio,0,Other states and regions,1996 to present,N1,Tile,Brick veneer,0.1585,3.8909,0.2s gust at 10m height m/s,,0,0.003519247,0.006411678,0.011075546,0.018285189,0.029025399,0.04449938,0.066110545,0.095402786,0.133941441,0.183118597,0.243875347,0.316354552,0.399532913,0.490927382,0.586512972,0.680997507,0.768536737,0.843820363,0.903249131,0.945764705,0.972933906,0.988192712,0.995588408,0.998619924,0.999647514,0.999928513,0.999988835,0.999998702,0.999999892,0.999999994,1,1,1,1,1,1,1
dw194,domestic_wind_2218,,structural_loss_ratio,0,Other states and regions,1996 to present,N1,Tile,Reinf'd masonry,0.1577,3.8967,0.2s gust at 10m height m/s,,0,0.003296725,0.006025115,0.010438149,0.017280337,0.02750288,0.042274229,0.062966549,0.091103285,0.128250351,0.175834031,0.234876277,0.305656863,0.387344885,0.477687148,0.572885142,0.667808208,0.756641365,0.833926916,0.895752164,0.940659721,0.96985877,0.986582772,0.994870279,0.998352991,0.99956685,0.999909231,0.999985298,0.99999822,0.999999845,0.999999991,1,1,1,1,1,1,1
dw195,domestic_wind_2219,,structural_loss_ratio,0,Other states and regions,1996 to present,N1,Tile,Cavity brick,0.1585,3.8909,0.2s gust at 10m height m/s,,0,0.003519247,0.006411678,0.011075546,0.018285189,0.029025399,0.04449938,0.066110545,0.095402786,0.133941441,0.183118597,0.243875347,0.316354552,0.399532913,0.490927382,0.586512972,0.680997507,0.768536737,0.843820363,0.903249131,0.945764705,0.972933906,0.988192712,0.995588408,0.998619924,0.999647514,0.999928513,0.999988835,0.999998702,0.999999892,0.999999994,1,1,1,1,1,1,1
dw196,domestic_wind_2220,,structural_loss_ratio,0,Other states and regions,1996 to present,N1,Tile,Timber or metal clad,0.1555,3.8913,0.2s gust at 10m height m/s,,0,0.003148421,0.0058037,0.010133784,0.016898049,0.027074529,0.041873717,0.062727073,0.091233781,0.129045897,0.177672288,0.238189957,0.310872691,0.394785278,0.487444375,0.584698609,0.680997048,0.770151488,0.846525557,0.906337234,0.948570798,0.975039639,0.989504371,0.99626105,0.998899467,0.999739704,0.999952036,0.999993346,0.999999331,0.999999953,0.999999998,1,1,1,1,1,1,1
dw197,domestic_wind_2221,,structural_loss_ratio,0,Other states and regions,1996 to present,N1,Tile,Fibre cement,0.1596,3.8772,0.2s gust at 10m height m/s,,0,0.00398596,0.007230657,0.012439637,0.020457385,0.032349529,0.049405216,0.073108187,0.105059538,0.146833408,0.199750239,0.26456498,0.341094115,0.427846882,0.521775514,0.61829606,0.711719827,0.796138927,0.866621053,0.920350943,0.957247239,0.979724782,0.991666598,0.997094567,0.99916098,0.99980455,0.999964327,0.99999506,0.999999499,0.999999964,0.999999998,1,1,1,1,1,1,1
dw198,domestic_wind_2222,,structural_loss_ratio,0,Other states and regions,1996 to present,N1,Tile,Solid masonry,N/A,N/A,0.2s gust at 10m height m/s,,,,,,,,,,,,,,,,,,,,,,,,,,,,,,,,,,,,,,,
dw199,domestic_wind_2223,,structural_loss_ratio,0,Other states and regions,1996 to present,N2,Sheet metal,Brick veneer,0.126819322,4.308962264,0.2s gust at 10m height m/s,,0,3.18287E-05,6.74843E-05,0.000134017,0.000251908,0.000451837,0.000778355,0.00129443,0.00208697,0.00327339,0.005009258,0.007496957,0.010995172,0.015828836,0.022398805,0.031190196,0.042777672,0.057825305,0.077077787,0.101338927,0.131432703,0.168142094,0.212121922,0.263784851,0.323165208,0.3897739,0.462468964,0.539378197,0.617918266,0.694951956,0.767104414,0.831216623,0.884856258,0.926753239,0.95701173,0.976999836,0.98893089,0.999967568
dw200,domestic_wind_2224,,structural_loss_ratio,0,Other states and regions,1996 to present,N2,Sheet metal,Reinf'd masonry,0.13,4.35,0.2s gust at 10m height m/s,,0,2.99058E-05,6.2252E-05,0.000121569,0.000225009,0.000397866,0.000676336,0.001110897,0.001770357,0.002746623,0.004160208,0.006166439,0.008962271,0.012793494,0.017961949,0.024832161,0.033836488,0.045477491,0.060325794,0.079011164,0.102204103,0.130584885,0.164797089,0.205383418,0.252703439,0.30683621,0.367475777,0.43383405,0.504572642,0.577790765,0.651096944,0.721784263,0.787109166,0.844643178,0.892632144,0.930272572,0.95781645,0.999190887
dw201,domestic_wind_2225,,structural_loss_ratio,0,Other states and regions,1996 to present,N2,Sheet metal,Cavity brick,0.126900878,4.302140688,0.2s gust at 10m height m/s,,0,3.38107E-05,7.16519E-05,0.00014223,0.000267237,0.00047915,0.000825109,0.001371713,0.002210839,0.003466553,0.005303133,0.007934137,0.011632291,0.016739749,0.023677962,0.032955898,0.045174768,0.06102661,0.081283226,0.106771067,0.138327083,0.176730626,0.222607906,0.276309033,0.337764142,0.40633477,0.480688943,0.558740428,0.637699101,0.714272601,0.785032138,0.846905404,0.897697363,0.936491114,0.963780939,0.981261708,0.991328553,0.999981372
dw202,domestic_wind_2226,,structural_loss_ratio,0,Other states and regions,1996 to present,N2,Sheet metal,Timber or metal clad,0.129755332,4.333108478,0.2s gust at 10m height m/s,,0,3.3401E-05,6.96238E-05,0.000136136,0.000252262,0.000446531,0.000759809,0.001249137,0.001992327,0.003093369,0.004688658,0.006953993,0.010112196,0.014441072,0.020281209,0.028042832,0.038210561,0.051344419,0.068074898,0.089089281,0.115105951,0.146833165,0.184909195,0.229822124,0.281810492,0.340750826,0.406044869,0.476527461,0.550423611,0.625386995,0.698647438,0.767277556,0.828557424,0.88037607,0.921573707,0.952119029,0.973048316,0.999708216
dw203,domestic_wind_2227,,structural_loss_ratio,0,Other states and regions,1996 to present,N2,Sheet metal,Fibre cement,0.133099122,4.313185145,0.2s gust at 10m height m/s,,0,5.02596E-05,0.000102849,0.000197739,0.00036077,0.00062948,0.001056839,0.001715738,0.002704272,0.004151831,0.006225947,0.009139776,0.013159936,0.018614249,0.025898656,0.03548223,0.047908747,0.063792758,0.083807554,0.108661899,0.139062181,0.17565692,0.218961745,0.269265517,0.326522563,0.390242167,0.459394014,0.532355677,0.606932563,0.680478032,0.750127448,0.813132904,0.867248769,0.911083186,0.944314923,0.967695597,0.982818389,0.999872667
dw204,domestic_wind_2228,,structural_loss_ratio,0,Other states and regions,1996 to present,N2,Sheet metal,Solid masonry,N/A,N/A,0.2s gust at 10m height m/s,,,,,,,,,,,,,,,,,,,,,,,,,,,,,,,,,,,,,,,
dw205,domestic_wind_2229,,structural_loss_ratio,0,Other states and regions,1996 to present,N2,Tile,Brick veneer,0.153,3.97,0.2s gust at 10m height m/s,,0,0.001714522,0.003194196,0.005633962,0.009488007,0.015354834,0.023997997,0.036359309,0.053557434,0.076862139,0.107631973,0.147202034,0.196710712,0.256862498,0.327641034,0.408013708,0.495703243,0.587131533,0.677646015,0.762093353,0.835694782,0.895022274,0.938746667,0.967831344,0.985040125,0.99395064,0.997915613,0.999401627,0.999860399,0.999974248,0.999996355,0.999999617,0.999999971,0.999999999,1,1,1,1
dw206,domestic_wind_2230,,structural_loss_ratio,0,Other states and regions,1996 to present,N2,Tile,Reinf'd masonry,0.1627,4.0145,0.2s gust at 10m height m/s,,0,0.001906308,0.003421954,0.005834551,0.00952486,0.01497884,0.022798972,0.033710182,0.048556515,0.068283584,0.09390077,0.126416844,0.166743547,0.215564927,0.273176598,0.339309306,0.412964737,0.492305805,0.574653387,0.656638728,0.734537278,0.804762062,0.864430609,0.911862119,0.946844779,0.970564243,0.985199703,0.993326117,0.99733717,0.999073652,0.999723489,0.999930401,0.999985504,0.999997552,0.999999672,0.999999966,0.999999997,1
dw207,domestic_wind_2231,,structural_loss_ratio,0,Other states and regions,1996 to present,N2,Tile,Cavity brick,0.153,3.97,0.2s gust at 10m height m/s,,0,0.001714522,0.003194196,0.005633962,0.009488007,0.015354834,0.023997997,0.036359309,0.053557434,0.076862139,0.107631973,0.147202034,0.196710712,0.256862498,0.327641034,0.408013708,0.495703243,0.587131533,0.677646015,0.762093353,0.835694782,0.895022274,0.938746667,0.967831344,0.985040125,0.99395064,0.997915613,0.999401627,0.999860399,0.999974248,0.999996355,0.999999617,0.999999971,0.999999999,1,1,1,1
dw208,domestic_wind_2232,,structural_loss_ratio,0,Other states and regions,1996 to present,N2,Tile,Timber or metal clad,0.1565,3.9924,0.2s gust at 10m height m/s,,0,0.001713288,0.003147807,0.005482263,0.009126113,0.014612867,0.022616651,0.033962698,0.049626506,0.070714538,0.098417583,0.13392703,0.178305485,0.232308116,0.296161618,0.369324879,0.450278259,0.536411377,0.624091423,0.708979517,0.786607613,0.853133333,0.906082818,0.944829679,0.970603516,0.985991547,0.994122358,0.997865794,0.999341995,0.999831303,0.99996485,0.999994195,0.999999261,0.999999929,0.999999995,1,1,1
dw209,domestic_wind_2233,,structural_loss_ratio,0,Other states and regions,1996 to present,N2,Tile,Fibre cement,0.1603,3.9643,0.2s gust at 10m height m/s,,0,0.002373459,0.004297174,0.007383223,0.012135624,0.019199315,0.029373146,0.043612682,0.063015962,0.08878346,0.122142317,0.164225547,0.215900981,0.277554145,0.34884534,0.428483527,0.514083637,0.602189565,0.688537152,0.768584659,0.838249199,0.894678352,0.936809425,0.965489165,0.983074192,0.992656032,0.997227152,0.999105367,0.999758213,0.999946442,0.999990505,0.999998687,0.999999862,0.999999989,0.999999999,1,1,1
dw210,domestic_wind_2234,,structural_loss_ratio,0,Other states and regions,1996 to present,N2,Tile,Solid masonry,N/A,N/A,0.2s gust at 10m height m/s,,,,,,,,,,,,,,,,,,,,,,,,,,,,,,,,,,,,,,,
dw211,domestic_wind_2235,,structural_loss_ratio,0,Other states and regions,1996 to present,N3,Sheet metal,Brick veneer,0.109855709,4.417999203,0.2s gust at 10m height m/s,,0,2.38411E-06,5.67698E-06,1.25343E-05,2.59735E-05,5.09915E-05,9.55518E-05,0.000171935,0.000298541,0.000502257,0.000821488,0.001310007,0.002041726,0.003116535,0.004667304,0.006868115,0.009943683,0.014179796,0.01993434,0.027648127,0.037854218,0.05118368,0.06836483,0.090211855,0.117597587,0.151404278,0.192446145,0.24135898,0.29845645,0.363561005,0.435830243,0.513616197,0.594411399,0.674943413,0.751467212,0.820260992,0.87825508,0.995891631
dw212,domestic_wind_2236,,structural_loss_ratio,0,Other states and regions,1996 to present,N3,Sheet metal,Reinf'd masonry,0.110018821,4.447126251,0.2s gust at 10m height m/s,,0,1.86503E-06,4.43524E-06,9.78115E-06,2.02466E-05,3.97088E-05,7.43405E-05,0.000133652,0.000231882,0.000389819,0.000637144,0.001015391,0.001581639,0.002413027,0.003612206,0.005313784,0.007691795,0.010968134,0.015421733,0.021398083,0.029318332,0.039686778,0.053094946,0.070219672,0.091811743,0.118670719,0.15160093,0.191343627,0.238481582,0.293315885,0.355721232,0.424996002,0.499736414,0.577777183,0.65624858,0.731793196,0.800956184,0.985094452
dw213,domestic_wind_2237,,structural_loss_ratio,0,Other states and regions,1996 to present,N3,Sheet metal,Cavity brick,0.110752823,4.412043859,0.2s gust at 10m height m/s,,0,2.79398E-06,6.60636E-06,1.4493E-05,2.98556E-05,5.82933E-05,0.00010868,0.000194628,0.000336435,0.000563621,0.000918171,0.00145862,0.0022651,0.003445476,0.00514266,0.007543147,0.010886693,0.015476905,0.021692228,0.02999642,0.040947021,0.055199576,0.073504358,0.096691246,0.125637311,0.161210911,0.2041864,0.255125684,0.314228082,0.381159326,0.454884354,0.533545313,0.61444092,0.694166959,0.768958354,0.835221721,0.890167204,0.996716367
dw214,domestic_wind_2238,,structural_loss_ratio,0,Other states and regions,1996 to present,N3,Sheet metal,Timber or metal clad,0.112628607,4.43976328,0.2s gust at 10m height m/s,,0,2.70293E-06,6.30011E-06,1.36415E-05,2.77653E-05,5.36112E-05,9.89194E-05,0.000175438,0.000300514,0.000499142,0.000806566,0.001271526,0.001960242,0.002961233,0.004391031,0.006400847,0.009184134,0.012984934,0.018106695,0.024921007,0.03387536,0.045498528,0.060401583,0.079271792,0.102855833,0.131928098,0.167239488,0.209442649,0.258991602,0.316017941,0.380192932,0.450594882,0.525612956,0.602928721,0.67961923,0.752412807,0.818094673,0.987004746
dw215,domestic_wind_2239,,structural_loss_ratio,0,Other states and regions,1996 to present,N3,Sheet metal,Fibre cement,0.118092848,4.396126848,0.2s gust at 10m height m/s,,0,7.07868E-06,1.58657E-05,3.31472E-05,6.52833E-05,0.000122272,0.000219296,0.000378741,0.000632758,0.001026493,0.001622044,0.002503257,0.003781432,0.00560196,0.008151874,0.011668188,0.016446713,0.022850838,0.031319389,0.04237224,0.056611745,0.074717347,0.097429957,0.125522002,0.159748739,0.200776849,0.249088204,0.304860575,0.367833663,0.437178234,0.511397168,0.588297095,0.665072496,0.738533864,0.805481862,0.863180589,0.909827227,0.997182197
dw216,domestic_wind_2240,,structural_loss_ratio,0,Other states and regions,1996 to present,N3,Sheet metal,Solid masonry,N/A,N/A,0.2s gust at 10m height m/s,,,,,,,,,,,,,,,,,,,,,,,,,,,,,,,,,,,,,,,
dw217,domestic_wind_2241,,structural_loss_ratio,0,Other states and regions,1996 to present,N3,Tile,Brick veneer,0.1411,4.0682,0.2s gust at 10m height m/s,,0,0.000499944,0.000982142,0.001818889,0.003205307,0.005413607,0.008812493,0.013887707,0.021261953,0.031711138,0.0461722,0.065735558,0.091612879,0.125068755,0.167304406,0.219284358,0.28150579,0.353727393,0.434700825,0.521979629,0.611906387,0.699878728,0.780944875,0.850667941,0.906049067,0.946185938,0.972365115,0.987495835,0.995110973,0.998383859,0.999559205,0.999903461,0.999983526,0.999997882,0.999999802,0.999999987,0.999999999,1
dw218,domestic_wind_2242,,structural_loss_ratio,0,Other states and regions,1996 to present,N3,Tile,Reinf'd masonry,0.1539,4.1014,0.2s gust at 10m height m/s,,0,0.000758093,0.001407795,0.002476548,0.0041625,0.006728553,0.010514447,0.015948369,0.023556713,0.033969931,0.047921615,0.066237003,0.089806287,0.119537546,0.156284452,0.200745627,0.253336518,0.314041454,0.382263399,0.456700593,0.535289931,0.615261222,0.693337763,0.766091226,0.830412656,0.884007063,0.92577915,0.955980206,0.976047766,0.988177368,0.994771701,0.997956507,0.999304518,0.999797212,0.999950231,0.999989915,0.999998347,1
dw219,domestic_wind_2243,,structural_loss_ratio,0,Other states and regions,1996 to present,N3,Tile,Cavity brick,0.1411,4.0682,0.2s gust at 10m height m/s,,0,0.000499944,0.000982142,0.001818889,0.003205307,0.005413607,0.008812493,0.013887707,0.021261953,0.031711138,0.0461722,0.065735558,0.091612879,0.125068755,0.167304406,0.219284358,0.28150579,0.353727393,0.434700825,0.521979629,0.611906387,0.699878728,0.780944875,0.850667941,0.906049067,0.946185938,0.972365115,0.987495835,0.995110973,0.998383859,0.999559205,0.999903461,0.999983526,0.999997882,0.999999802,0.999999987,0.999999999,1
dw220,domestic_wind_2244,,structural_loss_ratio,0,Other states and regions,1996 to present,N3,Tile,Timber or metal clad,0.1445,4.0885,0.2s gust at 10m height m/s,,0,0.000519488,0.001004442,0.0018334,0.003188091,0.005318606,0.008559491,0.013346557,0.020232978,0.029902312,0.043174849,0.061002155,0.084442965,0.114612147,0.152593916,0.199312099,0.255355505,0.320767045,0.394822031,0.475842645,0.561116455,0.646996007,0.729238935,0.803591199,0.866522025,0.915917667,0.951489522,0.974709658,0.988263942,0.995232989,0.998336511,0.99951151,0.999882018,0.999977147,0.999996547,0.999999605,0.999999967,1
dw221,domestic_wind_2245,,structural_loss_ratio,0,Other states and regions,1996 to present,N3,Tile,Fibre cement,0.1557,4.0561,0.2s gust at 10m height m/s,,0,0.001101726,0.00203105,0.003548881,0.005927019,0.009522699,0.01479265,0.022305219,0.032748087,0.046928087,0.065758424,0.090227478,0.121342713,0.160043576,0.207079735,0.262856359,0.327257514,0.3994719,0.477860398,0.559917473,0.642380647,0.721524789,0.793634606,0.855583579,0.905380908,0.942515092,0.967958215,0.983806054,0.992674759,0.99707637,0.998986437,0.999699971,0.999925572,0.99998484,0.99999752,0.999999682,0.999999969,1
dw222,domestic_wind_2246,,structural_loss_ratio,0,Other states and regions,1996 to present,N3,Tile,Solid masonry,N/A,N/A,0.2s gust at 10m height m/s,,,,,,,,,,,,,,,,,,,,,,,,,,,,,,,,,,,,,,,
dw223,domestic_wind_2247,,structural_loss_ratio,0,Other states and regions,1996 to present,N4,Sheet metal,Brick veneer,0.090119197,4.565908299,0.2s gust at 10m height m/s,,0,2.7111E-08,7.80651E-08,2.0501E-07,4.98321E-07,1.13408E-06,2.43853E-06,4.99051E-06,9.77915E-06,1.84396E-05,3.35973E-05,5.93591E-05,0.000102001,0.000170912,0.000279877,0.000448777,0.00070583,0.0010905,0.00165721,0.002480037,0.003658564,0.005325039,0.007653011,0.010867494,0.015256604,0.021184371,0.029104031,0.039570528,0.053250066,0.070923357,0.093477672,0.121881009,0.157130002,0.200162265,0.251724972,0.312196429,0.381368513,0.786899765
dw224,domestic_wind_2248,,structural_loss_ratio,0,Other states and regions,1996 to present,N4,Sheet metal,Reinf'd masonry,0.085878294,4.650474187,0.2s gust at 10m height m/s,,0,4.28368E-09,1.2996E-08,3.5796E-08,9.09112E-08,2.15471E-07,4.81162E-07,1.02016E-06,2.06658E-06,4.02076E-06,7.54623E-06,1.37127E-05,2.42023E-05,4.16016E-05,6.98072E-05,0.000114583,0.000184308,0.00029098,0.000451528,0.000689522,0.001037367,0.001539099,0.002253888,0.003260388,0.004662073,0.006593665,0.009228763,0.01278869,0.01755244,0.023867443,0.03216047,0.042947571,0.05684118,0.0745516,0.096878863,0.124689596,0.158872265,0.445703938
dw225,domestic_wind_2249,,structural_loss_ratio,0,Other states and regions,1996 to present,N4,Sheet metal,Cavity brick,0.087835634,4.592436651,0.2s gust at 10m height m/s,,0,1.27425E-08,3.77144E-08,1.01561E-07,2.52632E-07,5.87366E-07,1.28836E-06,2.68621E-06,5.35664E-06,1.02685E-05,1.90035E-05,3.40757E-05,5.93851E-05,0.000100851,0.000167284,0.000271559,0.000432184,0.000675366,0.001037681,0.001569511,0.002339388,0.003439424,0.004991986,0.007157789,0.010145485,0.014222742,0.019728613,0.027086632,0.036817601,0.049550216,0.066026624,0.087098561,0.113707988,0.146844366,0.187469447,0.236400684,0.294147859,0.685258917
dw226,domestic_wind_2250,,structural_loss_ratio,0,Other states and regions,1996 to present,N4,Sheet metal,Timber or metal clad,0.080169385,4.606512919,0.2s gust at 10m height m/s,,0,1.87958E-09,6.1713E-09,1.82699E-08,4.95843E-08,1.24969E-07,2.95496E-07,6.60952E-07,1.40795E-06,2.87227E-06,5.63791E-06,1.06901E-05,1.96466E-05,3.50989E-05,6.11072E-05,0.000103905,0.000172888,0.000281973,0.000451458,0.000710514,0.001100487,0.001679233,0.002526714,0.003752137,0.005502925,0.007975784,0.011430067,0.016203459,0.022729674,0.031557267,0.04336772,0.058989477,0.079402514,0.105725185,0.139171806,0.180966249,0.232195532,0.625959344
dw227,domestic_wind_2251,,structural_loss_ratio,0,Other states and regions,1996 to present,N4,Sheet metal,Fibre cement,0.083023839,4.568831832,0.2s gust at 10m height m/s,,0,5.90442E-09,1.86098E-08,5.30755E-08,1.39186E-07,3.39821E-07,7.80098E-07,1.69726E-06,3.52267E-06,7.01237E-06,1.34489E-05,2.49458E-05,4.48965E-05,7.86231E-05,0.000134296,0.000224219,0.000366589,0.000587886,0.000926057,0.001434712,0.002188579,0.003290486,0.004880181,0.007145256,0.010334407,0.014773085,0.020881297,0.029192742,0.040373583,0.055237718,0.07475337,0.100033057,0.132295654,0.172786017,0.222635909,0.282652587,0.353032672,0.787564757
dw228,domestic_wind_2252,,structural_loss_ratio,0,Other states and regions,1996 to present,N4,Sheet metal,Solid masonry,N/A,N/A,0.2s gust at 10m height m/s,,,,,,,,,,,,,,,,,,,,,,,,,,,,,,,,,,,,,,,
dw229,domestic_wind_2253,,structural_loss_ratio,0,Other states and regions,1996 to present,N4,Tile,Brick veneer,0.1267,4.2154,0.2s gust at 10m height m/s,,0,6.59604E-05,0.000139948,0.000278092,0.000522998,0.000938497,0.001617241,0.002690064,0.004337198,0.00680136,0.01040247,0.015553414,0.022775707,0.032713067,0.046139762,0.063959094,0.087185603,0.116902875,0.154187662,0.199991669,0.254976182,0.319303849,0.392407844,0.47278125,0.55785446,0.644045369,0.727059009,0.802462322,0.866460355,0.916677378,0.952664314,0.975892333,0.98918489,0.995810213,0.998629365,0.999630763,0.999920364,1
dw230,domestic_wind_2254,,structural_loss_ratio,0,Other states and regions,1996 to present,N4,Tile,Reinf'd masonry,0.1306,4.2466,0.2s gust at 10m height m/s,,0,6.9243E-05,0.000143649,0.000279652,0.000516107,0.000910104,0.001543052,0.002528026,0.004018434,0.006217997,0.009391842,0.013878313,0.02010073,0.02857785,0.039931034,0.054885301,0.074260334,0.098946443,0.129859608,0.167869635,0.213696745,0.267775817,0.330094769,0.400024944,0.476176045,0.55632283,0.637458966,0.716025554,0.788328602,0.851099177,0.902075476,0.940431114,0.966881628,0.983397076,0.992607233,0.997125197,0.999041875,0.999999828
dw231,domestic_wind_2255,,structural_loss_ratio,0,Other states and regions,1996 to present,N4,Tile,Cavity brick,0.1267,4.2154,0.2s gust at 10m height m/s,,0,6.59604E-05,0.000139948,0.000278092,0.000522998,0.000938497,0.001617241,0.002690064,0.004337198,0.00680136,0.01040247,0.015553414,0.022775707,0.032713067,0.046139762,0.063959094,0.087185603,0.116902875,0.154187662,0.199991669,0.254976182,0.319303849,0.392407844,0.47278125,0.55785446,0.644045369,0.727059009,0.802462322,0.866460355,0.916677378,0.952664314,0.975892333,0.98918489,0.995810213,0.998629365,0.999630763,0.999920364,1
dw232,domestic_wind_2256,,structural_loss_ratio,0,Other states and regions,1996 to present,N4,Tile,Timber or metal clad,0.1267,4.2154,0.2s gust at 10m height m/s,,0,6.59604E-05,0.000139948,0.000278092,0.000522998,0.000938497,0.001617241,0.002690064,0.004337198,0.00680136,0.01040247,0.015553414,0.022775707,0.032713067,0.046139762,0.063959094,0.087185603,0.116902875,0.154187662,0.199991669,0.254976182,0.319303849,0.392407844,0.47278125,0.55785446,0.644045369,0.727059009,0.802462322,0.866460355,0.916677378,0.952664314,0.975892333,0.98918489,0.995810213,0.998629365,0.999630763,0.999920364,1
dw233,domestic_wind_2257,,structural_loss_ratio,0,Other states and regions,1996 to present,N4,Tile,Fibre cement,0.1338,4.1665,0.2s gust at 10m height m/s,,0,0.000158428,0.000322967,0.000618756,0.001125164,0.001956943,0.003275154,0.005299962,0.008325118,0.012733628,0.019013591,0.027772473,0.039746995,0.055804502,0.076929969,0.104191198,0.13867348,0.181375148,0.233058345,0.294056624,0.364054416,0.441873125,0.525321827,0.611189202,0.695453454,0.773752038,0.842073844,0.897526488,0.938937655,0.96704229,0.984136054,0.993308216,0.997574326,0.999260805,0.999815201,0.999963116,0.999994297,1
dw234,domestic_wind_2258,,structural_loss_ratio,0,Other states and regions,1996 to present,N4,Tile,Solid masonry,N/A,N/A,0.2s gust at 10m height m/s,,,,,,,,,,,,,,,,,,,,,,,,,,,,,,,,,,,,,,,
dw235,domestic_wind_2259,,structural_loss_ratio,0,Other states and regions,1980 to 1995,,Sheet metal,Brick veneer,0.122573099,4.146852839,0.2s gust at 10m height m/s,,0,8.34435E-05,0.000181581,0.000369252,0.000709336,0.001298074,0.002277918,0.003853582,0.00631147,0.010042352,0.015566503,0.02355951,0.034875328,0.05056073,0.071852082,0.100141411,0.136894937,0.183505204,0.241061047,0.310032514,0.389895809,0.478768803,0.573183848,0.668167678,0.757784036,0.836174135,0.898892841,0.944071596,0.972839812,0.988694337,0.996075516,0.998899176,0.999759289,0.999960612,0.999995395,0.999999635,0.999999982,1
dw236,domestic_wind_2260,,structural_loss_ratio,0,Other states and regions,1980 to 1995,,Sheet metal,Reinf'd masonry,0.127895765,4.223261852,0.2s gust at 10m height m/s,,0,6.78694E-05,0.000142989,0.000282316,0.000527816,0.000941977,0.001614999,0.00267359,0.004291459,0.006701493,0.010209394,0.015208243,0.022192927,0.031772692,0.044678995,0.061764606,0.083988312,0.112378089,0.147964562,0.191676929,0.244196534,0.305770605,0.376001709,0.453647373,0.536486187,0.621323669,0.704209897,0.780905869,0.847558469,0.90143847,0.941507958,0.968580259,0.984963094,0.993701757,0.99773705,0.999318044,0.999831912,0.999999998
dw237,domestic_wind_2261,,structural_loss_ratio,0,Other states and regions,1980 to 1995,,Sheet metal,Cavity brick,0.122970684,4.206337297,0.2s gust at 10m height m/s,,0,5.3028E-05,0.000115106,0.000233544,0.000447723,0.000817815,0.001432792,0.002420463,0.003959777,0.006295457,0.00975483,0.014766322,0.02187841,0.031776891,0.045296827,0.063423676,0.087275733,0.118057593,0.156972576,0.20508249,0.263107898,0.331174209,0.40853079,0.493301671,0.582360622,0.671443939,0.75559489,0.829949045,0.890718773,0.936070405,0.966518673,0.984598779,0.993911625,0.997982148,0.999454827,0.999883676,0.999981086,1
dw238,domestic_wind_2262,,structural_loss_ratio,0,Other states and regions,1980 to 1995,,Sheet metal,Timber or metal clad,0.120155642,4.242587573,0.2s gust at 10m height m/s,,0,3.114E-05,6.8834E-05,0.000141998,0.000276416,0.000512118,0.000909189,0.001555192,0.002574459,0.004139428,0.006484124,0.009919649,0.014851249,0.021795911,0.031398606,0.04444406,0.061859215,0.084699496,0.114109736,0.1512489,0.1971676,0.252630925,0.317888637,0.392412871,0.474650543,0.561869423,0.650200641,0.734974241,0.811383535,0.875388854,0.924614261,0.958889314,0.980151172,0.991688125,0.99705097,0.999136753,0.999797696,0.999999999
dw239,domestic_wind_2263,,structural_loss_ratio,0,Other states and regions,1980 to 1995,,Sheet metal,Fibre cement,0.122801556,4.214789668,0.2s gust at 10m height m/s,,0,4.88344E-05,0.000106116,0.000215516,0.000413535,0.000756005,0.001325556,0.002241006,0.003668888,0.005837214,0.009051384,0.013711813,0.02033226,0.029557011,0.042173757,0.059117312,0.081457171,0.110359541,0.147012645,0.192503819,0.24764033,0.312715449,0.387239646,0.46968457,0.55732025,0.64625098,0.731749911,0.808930871,0.873668096,0.923513392,0.958255132,0.97982674,0.991542989,0.996995173,0.999118692,0.999792894,0.999962293,1
dw240,domestic_wind_2264,,structural_loss_ratio,0,Other states and regions,1980 to 1995,,Sheet metal,Solid masonry,N/A,N/A,0.2s gust at 10m height m/s,,,,,,,,,,,,,,,,,,,,,,,,,,,,,,,,,,,,,,,
dw241,domestic_wind_2265,,structural_loss_ratio,0,Other states and regions,1980 to 1995,,Tile,Brick veneer,0.084153147,3.850293395,0.2s gust at 10m height m/s,,0,3.88869E-05,0.000120687,0.000339357,0.000878256,0.002117413,0.004800398,0.010307229,0.021068972,0.041129372,0.076744049,0.136607729,0.230709129,0.366112488,0.538439346,0.722527418,0.875373896,0.963803662,0.994466657,0.99966666,0.999994705,0.999999987,1,1,1,1,1,1,1,1,1,1,1,1,1,1,1,1
dw242,domestic_wind_2266,,structural_loss_ratio,0,Other states and regions,1980 to 1995,,Tile,Reinf'd masonry,0.086653671,3.921395517,0.2s gust at 10m height m/s,,0,2.29465E-05,6.89266E-05,0.000188126,0.000473748,0.001113848,0.002467817,0.005190111,0.010420164,0.020055077,0.037102932,0.066055846,0.113082904,0.185580443,0.290270394,0.428971451,0.592405903,0.756154181,0.887120982,0.963812278,0.993098675,0.999362889,0.999978407,0.999999814,1,1,1,1,1,1,1,1,1,1,1,1,1,1
dw243,domestic_wind_2267,,structural_loss_ratio,0,Other states and regions,1980 to 1995,,Tile,Cavity brick,0.084210526,3.891878462,0.2s gust at 10m height m/s,,0,2.38972E-05,7.41097E-05,0.00020825,0.000538658,0.001298199,0.002943043,0.006322677,0.01294516,0.025359919,0.04764254,0.08584966,0.148040576,0.242983176,0.376198248,0.542637184,0.71923955,0.86784379,0.95791609,0.9923974,0.99938976,0.999984435,0.99999992,1,1,1,1,1,1,1,1,1,1,1,1,1,1,1
dw244,domestic_wind_2268,,structural_loss_ratio,0,Other states and regions,1980 to 1995,,Tile,Timber or metal clad,0.084054581,3.880051763,0.2s gust at 10m height m/s,,0,2.69699E-05,8.3814E-05,0.000235969,0.00061142,0.001475889,0.003350575,0.007206708,0.014767809,0.028940645,0.054343579,0.097747041,0.167895071,0.273609274,0.418686758,0.593453336,0.768416627,0.902954499,0.974126659,0.996422087,0.999806768,0.999997239,0.999999994,1,1,1,1,1,1,1,1,1,1,1,1,1,1,1
dw245,domestic_wind_2269,,structural_loss_ratio,0,Other states and regions,1980 to 1995,,Tile,Fibre cement,0.082651072,3.861566334,0.2s gust at 10m height m/s,,0,2.82113E-05,8.93761E-05,0.000256089,0.000674356,0.00165227,0.003803116,0.00828481,0.017174605,0.03400126,0.064374709,0.116414984,0.200161901,0.324377573,0.489017439,0.674904642,0.841390738,0.948153851,0.990648505,0.999293149,0.999984766,0.999999945,1,1,1,1,1,1,1,1,1,1,1,1,1,1,1,1
dw246,domestic_wind_2270,,structural_loss_ratio,0,Other states and regions,1980 to 1995,,Tile,Solid masonry,N/A,N/A,0.2s gust at 10m height m/s,,,,,,,,,,,,,,,,,,,,,,,,,,,,,,,,,,,,,,,
dw247,domestic_wind_2271,,structural_loss_ratio,0,Other states and regions,1960 to 1979,,Sheet metal,Brick veneer,0.12,4.05,0.2s gust at 10m height m/s,,0,0.000152913,0.000338332,0.000698506,0.001360537,0.002521526,0.004476423,0.007652629,0.01265097,0.020291067,0.031656148,0.048127638,0.071392727,0.103398779,0.14621839,0.201782813,0.271448876,0.355400411,0.451965632,0.55705932,0.664094043,0.764740459,0.850696312,0.916069832,0.95932105,0.983534233,0.994638511,0.998655842,0.999753443,0.999968812,0.999997459,0.999999877,0.999999997,1,1,1,1,1
dw248,domestic_wind_2272,,structural_loss_ratio,0,Other states and regions,1960 to 1979,,Sheet metal,Reinf'd masonry,0.129537459,4.162695363,0.2s gust at 10m height m/s,,0,0.000122334,0.000255306,0.000499721,0.000926809,0.001641699,0.002794808,0.004595525,0.007328116,0.011369473,0.017207826,0.025460691,0.036889161,0.052404031,0.073057151,0.100009161,0.134462778,0.177550265,0.230166296,0.292745693,0.365001741,0.445666161,0.532303044,0.62129544,0.708105058,0.787858459,0.856203412,0.910228382,0.949119199,0.974244139,0.988570675,0.995646545,0.998610092,0.999637879,0.999925287,0.999988196,0.999998625,1
dw249,domestic_wind_2273,,structural_loss_ratio,0,Other states and regions,1960 to 1979,,Sheet metal,Cavity brick,0.12,4.1,0.2s gust at 10m height m/s,,0,0.000100809,0.000223055,0.000460538,0.000897129,0.001663007,0.002953295,0.005051524,0.008358113,0.013423366,0.0209832,0.031993619,0.047656546,0.069424638,0.098966333,0.138065557,0.188426112,0.251354471,0.327315399,0.415402937,0.512849153,0.614789239,0.714560719,0.804744586,0.87887326,0.933273496,0.968154161,0.987207433,0.995817799,0.998929824,0.999795099,0.999972128,0.999997462,0.999999855,0.999999995,1,1,1
dw250,domestic_wind_2274,,structural_loss_ratio,0,Other states and regions,1960 to 1979,,Sheet metal,Timber or metal clad,0.119766537,4.179204024,0.2s gust at 10m height m/s,,0,5.11108E-05,0.000113269,0.000234209,0.000456881,0.0008481,0.001508286,0.002583912,0.004282952,0.006893505,0.010805418,0.016534145,0.024745099,0.036275192,0.052146001,0.073559932,0.101867089,0.138486956,0.184767126,0.241764087,0.30994298,0.38881904,0.476605793,0.569988014,0.664179788,0.753419082,0.831943465,0.895272398,0.94136388,0.971097349,0.98774887,0.995653526,0.998748728,0.999717886,0.999952157,0.999994171,0.999999516,1
dw251,domestic_wind_2275,,structural_loss_ratio,0,Other states and regions,1960 to 1979,,Sheet metal,Fibre cement,0.12,4.15,0.2s gust at 10m height m/s,,0,6.64586E-05,0.000147053,0.000303629,0.000591514,0.001096633,0.001947913,0.003333043,0.005517883,0.008869589,0.013882902,0.02120814,0.031677819,0.046326419,0.066394416,0.093303385,0.128584307,0.173737988,0.230007783,0.298056079,0.377563483,0.466817902,0.562424967,0.659327773,0.751323596,0.832146764,0.896925434,0.943502451,0.972964556,0.988992311,0.996298137,0.999006273,0.99979525,0.999969036,0.999996734,0.999999773,0.99999999,1
dw252,domestic_wind_2276,,structural_loss_ratio,0,Other states and regions,1960 to 1979,,Sheet metal,Solid masonry,N/A,N/A,0.2s gust at 10m height m/s,,,,,,,,,,,,,,,,,,,,,,,,,,,,,,,,,,,,,,,
dw253,domestic_wind_2277,,structural_loss_ratio,0,Other states and regions,1960 to 1979,,Tile or slate,Brick veneer,0.08,3.8,0.2s gust at 10m height m/s,,0,4.30405E-05,0.000141666,0.000420302,0.001142696,0.002883107,0.006816218,0.015207696,0.032167552,0.064620173,0.123056578,0.220671637,0.367961585,0.559865006,0.760808452,0.912416304,0.982688189,0.998670546,0.999975463,0.999999945,1,1,1,1,1,1,1,1,1,1,1,1,1,1,1,1,1,1
dw254,domestic_wind_2278,,structural_loss_ratio,0,Other states and regions,1960 to 1979,,Tile or slate,Reinf'd masonry,0.084188,3.855159,0.2s gust at 10m height m/s,,0,3.68579E-05,0.000114336,0.000321364,0.000831375,0.002003722,0.004541438,0.009749577,0.019929088,0.038915232,0.072668048,0.129552404,0.21940151,0.349766044,0.51799601,0.70177728,0.859829929,0.956320277,0.992566632,0.999474015,0.9999894,0.999999964,1,1,1,1,1,1,1,1,1,1,1,1,1,1,1,1
dw255,domestic_wind_2279,,structural_loss_ratio,0,Other states and regions,1960 to 1979,,Tile or slate,Cavity brick,0.08,3.84,0.2s gust at 10m height m/s,,0,2.61056E-05,8.5927E-05,0.000254947,0.000693236,0.001749686,0.004139807,0.009251727,0.01963596,0.039707953,0.076556111,0.140343101,0.242914709,0.39211151,0.580057046,0.771678249,0.914591574,0.9819939,0.998401248,0.999960694,0.999999853,1,1,1,1,1,1,1,1,1,1,1,1,1,1,1,1,1
dw256,domestic_wind_2280,,structural_loss_ratio,0,Other states and regions,1960 to 1979,,Tile or slate,Timber or metal clad,0.079688109,3.824893628,0.2s gust at 10m height m/s,,0,3.02777E-05,0.000100125,0.000298335,0.000814366,0.002062678,0.004895765,0.010970413,0.023329217,0.047213412,0.090918755,0.165931526,0.284436079,0.451199661,0.649415647,0.832708608,0.949427324,0.992418264,0.999606082,0.99999577,0.999999995,1,1,1,1,1,1,1,1,1,1,1,1,1,1,1,1,1
dw257,domestic_wind_2281,,structural_loss_ratio,0,Other states and regions,1960 to 1979,,Tile or slate,Fibre cement,0.079584146,3.820123195,0.2s gust at 10m height m/s,,0,3.17141E-05,0.000105039,0.000313421,0.000856658,0.002172362,0.005161532,0.011576191,0.02463306,0.049863149,0.095975628,0.174873974,0.298722569,0.470944466,0.67141903,0.850418608,0.958131886,0.994452162,0.999762671,0.999998114,0.999999999,1,1,1,1,1,1,1,1,1,1,1,1,1,1,1,1,1
dw258,domestic_wind_2282,,structural_loss_ratio,0,Other states and regions,1960 to 1979,,Tile or slate,Solid masonry,N/A,N/A,0.2s gust at 10m height m/s,,,,,,,,,,,,,,,,,,,,,,,,,,,,,,,,,,,,,,,
dw259,domestic_wind_2283,,structural_loss_ratio,0,Other states and regions,1960 to 1979,,Fibre cement,Brick veneer,0.1558,3.8436,0.2s gust at 10m height m/s,,0,0.004321334,0.0079525,0.01385972,0.023059273,0.036842802,0.056776194,0.084651344,0.122364716,0.171695055,0.233961195,0.309567544,0.397496182,0.494878455,0.596852791,0.696938077,0.788053668,0.864058398,0.921330021,0.959682186,0.982084661,0.993260785,0.997910859,0.999482144,0.999900753,0.999985835,0.999998556,0.999999899,0.999999995,1,1,1,1,1,1,1,1,1
dw260,domestic_wind_2284,,structural_loss_ratio,0,Other states and regions,1960 to 1979,,Fibre cement,Reinf'd masonry,0.1589,3.8445,0.2s gust at 10m height m/s,,0,0.004777134,0.008685784,0.01497077,0.024653209,0.039013659,0.059583283,0.08808834,0.126324681,0.17593885,0.238102087,0.313089178,0.399820714,0.495491086,0.595464676,0.693635549,0.783355827,0.858816215,0.916468038,0.955886192,0.979600561,0.991916262,0.997320469,0.999276826,0.999845782,0.999974864,0.999996982,0.999999744,0.999999985,0.999999999,1,1,1,1,1,1,1,1
dw261,domestic_wind_2285,,structural_loss_ratio,0,Other states and regions,1960 to 1979,,Fibre cement,Cavity brick,0.1569,3.8366,0.2s gust at 10m height m/s,,0,0.004693343,0.008598945,0.014924605,0.024733907,0.039369138,0.060443612,0.089782569,0.129285859,0.180685382,0.245181489,0.32297314,0.412752457,0.511310259,0.613468122,0.712558571,0.801550013,0.874630825,0.928721352,0.964210949,0.984466668,0.994311279,0.998289121,0.999590083,0.999924361,0.999989648,0.999998992,0.999999933,0.999999997,1,1,1,1,1,1,1,1,1
dw262,domestic_wind_2286,,structural_loss_ratio,0,Other states and regions,1960 to 1979,,Fibre cement,Timber or metal clad,0.1558,3.8436,0.2s gust at 10m height m/s,,0,0.004321334,0.0079525,0.01385972,0.023059273,0.036842802,0.056776194,0.084651344,0.122364716,0.171695055,0.233961195,0.309567544,0.397496182,0.494878455,0.596852791,0.696938077,0.788053668,0.864058398,0.921330021,0.959682186,0.982084661,0.993260785,0.997910859,0.999482144,0.999900753,0.999985835,0.999998556,0.999999899,0.999999995,1,1,1,1,1,1,1,1,1
dw263,domestic_wind_2287,,structural_loss_ratio,0,Other states and regions,1960 to 1979,,Fibre cement,Fibre cement,0.1569,3.8366,0.2s gust at 10m height m/s,,0,0.004693343,0.008598945,0.014924605,0.024733907,0.039369138,0.060443612,0.089782569,0.129285859,0.180685382,0.245181489,0.32297314,0.412752457,0.511310259,0.613468122,0.712558571,0.801550013,0.874630825,0.928721352,0.964210949,0.984466668,0.994311279,0.998289121,0.999590083,0.999924361,0.999989648,0.999998992,0.999999933,0.999999997,1,1,1,1,1,1,1,1,1
dw264,domestic_wind_2288,,structural_loss_ratio,0,Other states and regions,1960 to 1979,,Fibre cement,Solid masonry,N/A,N/A,0.2s gust at 10m height m/s,,,,,,,,,,,,,,,,,,,,,,,,,,,,,,,,,,,,,,,
dw265,domestic_wind_2289,,structural_loss_ratio,0,Other states and regions,1914 to 1959,,Sheet metal,Brick veneer,0.1217154,4.03731689,0.2s gust at 10m height m/s,,0,0.000192072,0.000420236,0.000858746,0.001656886,0.003043803,0.005359033,0.009089757,0.014913871,0.023745911,0.036779287,0.055512708,0.081740722,0.11747845,0.164781531,0.225420116,0.300382188,0.389232409,0.489451011,0.596013034,0.701579445,0.797628184,0.876510886,0.933791845,0.969678528,0.98852558,0.996548779,0.999211503,0.999870169,0.999985502,0.999998976,0.999999958,0.999999999,1,1,1,1,1
dw266,domestic_wind_2290,,structural_loss_ratio,0,Other states and regions,1914 to 1959,,Sheet metal,Reinf'd masonry,N/A,N/A,0.2s gust at 10m height m/s,,,,,,,,,,,,,,,,,,,,,,,,,,,,,,,,,,,,,,,
dw267,domestic_wind_2291,,structural_loss_ratio,0,Other states and regions,1914 to 1959,,Sheet metal,Cavity brick,0.121641694,4.087013864,0.2s gust at 10m height m/s,,0,0.000126998,0.000278001,0.000568379,0.00109723,0.002016896,0.003553634,0.006033266,0.009911772,0.015809859,0.02454894,0.037183294,0.055019153,0.079605889,0.112677738,0.156018282,0.211218013,0.279304828,0.360257945,0.452476616,0.552364232,0.654277081,0.751105284,0.835604681,0.902234018,0.948795986,0.976986299,0.991387729,0.997408974,0.999398205,0.999897013,0.999987691,0.999999033,0.999999954,0.999999999,1,1,1
dw268,domestic_wind_2292,,structural_loss_ratio,0,Other states and regions,1914 to 1959,,Sheet metal,Timber or metal clad,0.16,4.2,0.2s gust at 10m height m/s,,0,0.000538382,0.000976561,0.001681608,0.002771729,0.004400987,0.00676557,0.010110032,0.014733096,0.020992379,0.029307194,0.040158271,0.054082951,0.071664109,0.09351085,0.120229011,0.152379831,0.190426,0.234665865,0.285158982,0.341649512,0.403497761,0.469633944,0.538550713,0.60835056,0.67685925,0.741805848,0.801054171,0.852852573,0.896054369,0.930257011,0.955819884,0.973748766,0.985472401,0.99256929,0.996516127,0.998516078,0.999996569
dw269,domestic_wind_2293,,structural_loss_ratio,0,Other states and regions,1914 to 1959,,Sheet metal,Fibre cement,0.15959975,4.186696092,0.2s gust at 10m height m/s,,0,0.000574231,0.001043129,0.001798642,0.002968234,0.004718193,0.007260402,0.010859057,0.015836806,0.02257959,0.031539181,0.043232075,0.058233049,0.077161393,0.100657584,0.129348281,0.163797961,0.204446727,0.251535806,0.305025342,0.364513022,0.429166542,0.497686815,0.568320714,0.638939891,0.707194195,0.770733605,0.827473106,0.875855341,0.915053721,0.945061886,0.96663831,0.981113621,0.990110099,0.995249781,0.997926265,0.999185225,0.999998947
dw270,domestic_wind_2294,,structural_loss_ratio,0,Other states and regions,1914 to 1959,,Sheet metal,Solid masonry,N/A,N/A,0.2s gust at 10m height m/s,,,,,,,,,,,,,,,,,,,,,,,,,,,,,,,,,,,,,,,
dw271,domestic_wind_2295,,structural_loss_ratio,0,Other states and regions,1914 to 1959,,Tile or slate,Brick veneer,0.083218689,3.794990306,0.2s gust at 10m height m/s,,0,6.74352E-05,0.000211959,0.000602913,0.00157675,0.00383724,0.008769933,0.018948212,0.038861503,0.07575267,0.140025575,0.243768238,0.394790381,0.584504219,0.776503006,0.917811864,0.983108403,0.998552551,0.999966015,0.999999879,1,1,1,1,1,1,1,1,1,1,1,1,1,1,1,1,1,1
dw272,domestic_wind_2296,,structural_loss_ratio,0,Other states and regions,1914 to 1959,,Tile or slate,Reinf'd masonry,N/A,N/A,0.2s gust at 10m height m/s,,,,,,,,,,,,,,,,,,,,,,,,,,,,,,,,,,,,,,,
dw273,domestic_wind_2297,,structural_loss_ratio,0,Other states and regions,1914 to 1959,,Tile or slate,Cavity brick,0.083118908,3.827775765,0.2s gust at 10m height m/s,,0,4.49346E-05,0.000141434,0.000402837,0.001054895,0.002570941,0.005886483,0.012751633,0.026263076,0.05156071,0.096476055,0.171425456,0.286960524,0.446736307,0.635951725,0.814768531,0.936418573,0.987928379,0.999046339,0.999979039,0.999999927,1,1,1,1,1,1,1,1,1,1,1,1,1,1,1,1,1
dw274,domestic_wind_2298,,structural_loss_ratio,0,Other states and regions,1914 to 1959,,Tile or slate,Timber or metal clad,0.080987654,3.819924427,0.2s gust at 10m height m/s,,0,3.80434E-05,0.000123413,0.000361331,0.000970509,0.002421511,0.005666986,0.012529591,0.026302381,0.052554596,0.099899009,0.179858081,0.303834805,0.474413185,0.671638228,0.847945604,0.955754573,0.993657859,0.999685497,0.999996746,0.999999997,1,1,1,1,1,1,1,1,1,1,1,1,1,1,1,1,1
dw275,domestic_wind_2299,,structural_loss_ratio,0,Other states and regions,1914 to 1959,,Tile or slate,Fibre cement,0.08317089,3.805613127,0.2s gust at 10m height m/s,,0,5.90231E-05,0.000185642,0.000528386,0.001382692,0.003367163,0.007701573,0.016657748,0.034220326,0.066887017,0.124202823,0.217863146,0.357117103,0.538335423,0.732599223,0.889229617,0.972526336,0.996849666,0.9998847,0.999999202,0.999999999,1,1,1,1,1,1,1,1,1,1,1,1,1,1,1,1,1
dw276,domestic_wind_2300,,structural_loss_ratio,0,Other states and regions,1914 to 1959,,Tile or slate,Solid masonry,N/A,N/A,0.2s gust at 10m height m/s,,,,,,,,,,,,,,,,,,,,,,,,,,,,,,,,,,,,,,,
dw277,domestic_wind_2301,,structural_loss_ratio,0,Other states and regions,1914 to 1959,,Fibre cement,Brick veneer,0.1595,3.8241,0.2s gust at 10m height m/s,,0,0.005536997,0.010041648,0.017263845,0.028354803,0.044744569,0.068119285,0.10033911,0.143269869,0.198504434,0.26696648,0.348426991,0.441025717,0.540964678,0.642593656,0.739078302,0.82367141,0.891302167,0.939891607,0.970743491,0.987731831,0.995673348,0.998750785,0.999713459,0.999949499,0.999993409,0.999999389,0.999999961,0.999999998,1,1,1,1,1,1,1,1,1
dw278,domestic_wind_2302,,structural_loss_ratio,0,Other states and regions,1914 to 1959,,Fibre cement,Reinf'd masonry,N/A,N/A,0.2s gust at 10m height m/s,,,,,,,,,,,,,,,,,,,,,,,,,,,,,,,,,,,,,,,
dw279,domestic_wind_2303,,structural_loss_ratio,0,Other states and regions,1914 to 1959,,Fibre cement,Cavity brick,0.1614,3.8197,0.2s gust at 10m height m/s,,0,0.006047202,0.010888198,0.018594803,0.030350387,0.047610145,0.072069861,0.105572915,0.149929829,0.206629369,0.276438989,0.358931901,0.452039306,0.551796108,0.652490142,0.747381332,0.829978663,0.895567435,0.942407368,0.972005488,0.988253109,0.995842858,0.998791107,0.999719371,0.999949639,0.999993257,0.999999352,0.999999957,0.999999998,1,1,1,1,1,1,1,1,1
dw280,domestic_wind_2304,,structural_loss_ratio,0,Other states and regions,1914 to 1959,,Fibre cement,Timber or metal clad,0.1602,3.8314,0.2s gust at 10m height m/s,,0,0.005412117,0.009790204,0.01679336,0.027526745,0.043362503,0.065920061,0.0969921,0.138391402,0.191695984,0.25788399,0.336882485,0.427108725,0.525150634,0.62578608,0.722526899,0.808738304,0.879119939,0.931041792,0.965117905,0.984664394,0.994270592,0.998226209,0.999557507,0.99991378,0.999987322,0.999998646,0.999999899,0.999999995,1,1,1,1,1,1,1,1,1
dw281,domestic_wind_2305,,structural_loss_ratio,0,Other states and regions,1914 to 1959,,Fibre cement,Fibre cement,0.1621,3.8269,0.2s gust at 10m height m/s,,0,0.005913815,0.01062163,0.018099496,0.029484427,0.046174112,0.069799241,0.102139153,0.144957073,0.19973498,0.267304202,0.347402229,0.438240565,0.536232424,0.636072512,0.731334192,0.815604561,0.883919296,0.933994309,0.966681084,0.985357041,0.994518209,0.998293895,0.999570329,0.999915022,0.999987231,0.999998594,0.999999891,0.999999994,1,1,1,1,1,1,1,1,1
dw282,domestic_wind_2306,,structural_loss_ratio,0,Other states and regions,1914 to 1959,,Fibre cement,Solid masonry,N/A,N/A,0.2s gust at 10m height m/s,,,,,,,,,,,,,,,,,,,,,,,,,,,,,,,,,,,,,,,
dw283,domestic_wind_2307,,structural_loss_ratio,0,Other states and regions,1891 to 1913,,Sheet metal,Brick veneer,N/A,N/A,0.2s gust at 10m height m/s,,,,,,,,,,,,,,,,,,,,,,,,,,,,,,,,,,,,,,,
dw284,domestic_wind_2308,,structural_loss_ratio,0,Other states and regions,1891 to 1913,,Sheet metal,Reinf'd masonry,N/A,N/A,0.2s gust at 10m height m/s,,,,,,,,,,,,,,,,,,,,,,,,,,,,,,,,,,,,,,,
dw285,domestic_wind_2309,,structural_loss_ratio,0,Other states and regions,1891 to 1913,,Sheet metal,Cavity brick,N/A,N/A,0.2s gust at 10m height m/s,,,,,,,,,,,,,,,,,,,,,,,,,,,,,,,,,,,,,,,
dw286,domestic_wind_2310,,structural_loss_ratio,0,Other states and regions,1891 to 1913,,Sheet metal,Timber or metal clad,0.1534,3.826,0.2s gust at 10m height m/s,,0,0.004450825,0.008268791,0.014534775,0.024369596,0.039205566,0.060783399,0.091090464,0.132207225,0.18602751,0.253831612,0.33573042,0.430071936,0.533001587,0.638454765,0.738852849,0.826578663,0.895905705,0.94461967,0.974463924,0.990052026,0.996819283,0.999192146,0.999842892,0.999977548,0.999997748,0.999999849,0.999999994,1,1,1,1,1,1,1,1,1,1
dw287,domestic_wind_2311,,structural_loss_ratio,0,Other states and regions,1891 to 1913,,Sheet metal,Fibre cement,N/A,N/A,0.2s gust at 10m height m/s,,,,,,,,,,,,,,,,,,,,,,,,,,,,,,,,,,,,,,,
dw288,domestic_wind_2312,,structural_loss_ratio,0,Other states and regions,1891 to 1913,,Sheet metal,Solid masonry,0.1527,3.8188,0.2s gust at 10m height m/s,,0,0.004551145,0.008478814,0.014941261,0.025106836,0.040469946,0.062845908,0.094301539,0.136985274,0.192819849,0.263036828,0.347577987,0.444472366,0.549408897,0.655813432,0.755709861,0.841396466,0.90750347,0.952548242,0.979093869,0.992303252,0.997704557,0.99946456,0.999906096,0.999988154,0.999998977,0.999999943,0.999999998,1,1,1,1,1,1,1,1,1,1
dw289,domestic_wind_2313,,structural_loss_ratio,0,Other states and regions,1891 to 1913,,Tile or slate,Brick veneer,N/A,N/A,0.2s gust at 10m height m/s,,,,,,,,,,,,,,,,,,,,,,,,,,,,,,,,,,,,,,,
dw290,domestic_wind_2314,,structural_loss_ratio,0,Other states and regions,1891 to 1913,,Tile or slate,Reinf'd masonry,N/A,N/A,0.2s gust at 10m height m/s,,,,,,,,,,,,,,,,,,,,,,,,,,,,,,,,,,,,,,,
dw291,domestic_wind_2315,,structural_loss_ratio,0,Other states and regions,1891 to 1913,,Tile or slate,Cavity brick,N/A,N/A,0.2s gust at 10m height m/s,,,,,,,,,,,,,,,,,,,,,,,,,,,,,,,,,,,,,,,
dw292,domestic_wind_2316,,structural_loss_ratio,0,Other states and regions,1891 to 1913,,Tile or slate,Timber or metal clad,0.1534,3.826,0.2s gust at 10m height m/s,,0,0.004450825,0.008268791,0.014534775,0.024369596,0.039205566,0.060783399,0.091090464,0.132207225,0.18602751,0.253831612,0.33573042,0.430071936,0.533001587,0.638454765,0.738852849,0.826578663,0.895905705,0.94461967,0.974463924,0.990052026,0.996819283,0.999192146,0.999842892,0.999977548,0.999997748,0.999999849,0.999999994,1,1,1,1,1,1,1,1,1,1
dw293,domestic_wind_2317,,structural_loss_ratio,0,Other states and regions,1891 to 1913,,Tile or slate,Fibre cement,N/A,N/A,0.2s gust at 10m height m/s,,,,,,,,,,,,,,,,,,,,,,,,,,,,,,,,,,,,,,,
dw294,domestic_wind_2318,,structural_loss_ratio,0,Other states and regions,1891 to 1913,,Tile or slate,Solid masonry,0.1527,3.8188,0.2s gust at 10m height m/s,,0,0.004551145,0.008478814,0.014941261,0.025106836,0.040469946,0.062845908,0.094301539,0.136985274,0.192819849,0.263036828,0.347577987,0.444472366,0.549408897,0.655813432,0.755709861,0.841396466,0.90750347,0.952548242,0.979093869,0.992303252,0.997704557,0.99946456,0.999906096,0.999988154,0.999998977,0.999999943,0.999999998,1,1,1,1,1,1,1,1,1,1
dw295,domestic_wind_2319,,structural_loss_ratio,0,Other states and regions,1840 to 1890,,Sheet metal,Brick veneer,N/A,N/A,0.2s gust at 10m height m/s,,,,,,,,,,,,,,,,,,,,,,,,,,,,,,,,,,,,,,,
dw296,domestic_wind_2320,,structural_loss_ratio,0,Other states and regions,1840 to 1890,,Sheet metal,Reinf'd masonry,N/A,N/A,0.2s gust at 10m height m/s,,,,,,,,,,,,,,,,,,,,,,,,,,,,,,,,,,,,,,,
dw297,domestic_wind_2321,,structural_loss_ratio,0,Other states and regions,1840 to 1890,,Sheet metal,Cavity brick,N/A,N/A,0.2s gust at 10m height m/s,,,,,,,,,,,,,,,,,,,,,,,,,,,,,,,,,,,,,,,
dw298,domestic_wind_2322,,structural_loss_ratio,0,Other states and regions,1840 to 1890,,Sheet metal,Timber or metal clad,0.1537,3.8242,0.2s gust at 10m height m/s,,0,0.004550853,0.008444056,0.014825556,0.024829651,0.039903029,0.061799632,0.092515507,0.134130268,0.188521094,0.25692945,0.339401318,0.434196298,0.537361353,0.642749508,0.742749966,0.82979145,0.89827323,0.946149926,0.975312721,0.990446067,0.996968078,0.999236397,0.999852885,0.999979193,0.999997937,0.999999864,0.999999994,1,1,1,1,1,1,1,1,1,1
dw299,domestic_wind_2323,,structural_loss_ratio,0,Other states and regions,1840 to 1890,,Sheet metal,Fibre cement,N/A,N/A,0.2s gust at 10m height m/s,,,,,,,,,,,,,,,,,,,,,,,,,,,,,,,,,,,,,,,
dw300,domestic_wind_2324,,structural_loss_ratio,0,Other states and regions,1840 to 1890,,Sheet metal,Solid masonry,0.1537,3.8242,0.2s gust at 10m height m/s,,0,0.004550853,0.008444056,0.014825556,0.024829651,0.039903029,0.061799632,0.092515507,0.134130268,0.188521094,0.25692945,0.339401318,0.434196298,0.537361353,0.642749508,0.742749966,0.82979145,0.89827323,0.946149926,0.975312721,0.990446067,0.996968078,0.999236397,0.999852885,0.999979193,0.999997937,0.999999864,0.999999994,1,1,1,1,1,1,1,1,1,1
dw301,domestic_wind_2325,,structural_loss_ratio,0,Other states and regions,1840 to 1890,,Tile or slate,Brick veneer,N/A,N/A,0.2s gust at 10m height m/s,,,,,,,,,,,,,,,,,,,,,,,,,,,,,,,,,,,,,,,
dw302,domestic_wind_2326,,structural_loss_ratio,0,Other states and regions,1840 to 1890,,Tile or slate,Reinf'd masonry,N/A,N/A,0.2s gust at 10m height m/s,,,,,,,,,,,,,,,,,,,,,,,,,,,,,,,,,,,,,,,
dw303,domestic_wind_2327,,structural_loss_ratio,0,Other states and regions,1840 to 1890,,Tile or slate,Cavity brick,N/A,N/A,0.2s gust at 10m height m/s,,,,,,,,,,,,,,,,,,,,,,,,,,,,,,,,,,,,,,,
dw304,domestic_wind_2328,,structural_loss_ratio,0,Other states and regions,1840 to 1890,,Tile or slate,Timber or metal clad,0.1537,3.8242,0.2s gust at 10m height m/s,,0,0.004550853,0.008444056,0.014825556,0.024829651,0.039903029,0.061799632,0.092515507,0.134130268,0.188521094,0.25692945,0.339401318,0.434196298,0.537361353,0.642749508,0.742749966,0.82979145,0.89827323,0.946149926,0.975312721,0.990446067,0.996968078,0.999236397,0.999852885,0.999979193,0.999997937,0.999999864,0.999999994,1,1,1,1,1,1,1,1,1,1
dw305,domestic_wind_2329,,structural_loss_ratio,0,Other states and regions,1840 to 1890,,Tile or slate,Fibre cement,N/A,N/A,0.2s gust at 10m height m/s,,,,,,,,,,,,,,,,,,,,,,,,,,,,,,,,,,,,,,,
dw306,domestic_wind_2330,,structural_loss_ratio,0,Other states and regions,1840 to 1890,,Tile or slate,Solid masonry,0.1537,3.8242,0.2s gust at 10m height m/s,,0,0.004550853,0.008444056,0.014825556,0.024829651,0.039903029,0.061799632,0.092515507,0.134130268,0.188521094,0.25692945,0.339401318,0.434196298,0.537361353,0.642749508,0.742749966,0.82979145,0.89827323,0.946149926,0.975312721,0.990446067,0.996968078,0.999236397,0.999852885,0.999979193,0.999997937,0.999999864,0.999999994,1,1,1,1,1,1,1,1,1,1
